,Time,value,Class_name
0,20130101:0007,0,0
1,20130101:0107,0,0
2,20130101:0207,0,0
3,20130101:0307,0,0
4,20130101:0407,0,0
5,20130101:0507,0,0
6,20130101:0607,0,1
7,20130101:0707,0,1
8,20130101:0807,0,1
9,20130101:0907,0,1
10,20130101:1007,0,1
11,20130101:1107,0,1
12,20130101:1207,0,1
13,20130101:1307,0,1
14,20130101:1407,0,1
15,20130101:1507,0,1
16,20130101:1607,0,1
17,20130101:1707,0,1
18,20130101:1807,0,2
19,20130101:1907,0,2
20,20130101:2007,0,0
21,20130101:2107,0,0
22,20130101:2207,0,0
23,20130101:2307,0,0
24,20130102:0007,0,0
25,20130102:0107,0,0
26,20130102:0207,0,0
27,20130102:0307,0,0
28,20130102:0407,0,0
29,20130102:0507,0,0
30,20130102:0607,0,1
31,20130102:0707,0,3
32,20130102:0807,0,1
33,20130102:0907,0,1
34,20130102:1007,0,1
35,20130102:1107,0,1
36,20130102:1207,0,1
37,20130102:1307,0,1
38,20130102:1407,0,1
39,20130102:1507,0,1
40,20130102:1607,0,1
41,20130102:1707,0,1
42,20130102:1807,0,2
43,20130102:1907,0,2
44,20130102:2007,0,0
45,20130102:2107,0,0
46,20130102:2207,0,0
47,20130102:2307,0,0
48,20130103:0007,0,0
49,20130103:0107,0,0
50,20130103:0207,0,0
51,20130103:0307,0,0
52,20130103:0407,0,0
53,20130103:0507,0,0
54,20130103:0607,0,1
55,20130103:0707,0,1
56,20130103:0807,0,1
57,20130103:0907,0,1
58,20130103:1007,0,1
59,20130103:1107,0,1
60,20130103:1207,0,1
61,20130103:1307,0,1
62,20130103:1407,0,1
63,20130103:1507,0,1
64,20130103:1607,0,1
65,20130103:1707,0,1
66,20130103:1807,0,2
67,20130103:1907,0,2
68,20130103:2007,0,0
69,20130103:2107,0,0
70,20130103:2207,0,0
71,20130103:2307,0,0
72,20130104:0007,0,0
73,20130104:0107,0,0
74,20130104:0207,0,0
75,20130104:0307,0,0
76,20130104:0407,0,0
77,20130104:0507,0,0
78,20130104:0607,0,1
79,20130104:0707,0,1
80,20130104:0807,0,1
81,20130104:0907,0,1
82,20130104:1007,0,1
83,20130104:1107,0,1
84,20130104:1207,0,1
85,20130104:1307,0,1
86,20130104:1407,0,1
87,20130104:1507,0,1
88,20130104:1607,0,1
89,20130104:1707,0,1
90,20130104:1807,0,2
91,20130104:1907,0,2
92,20130104:2007,0,0
93,20130104:2107,0,0
94,20130104:2207,0,0
95,20130104:2307,0,0
96,20130105:0007,0,0
97,20130105:0107,0,0
98,20130105:0207,0,0
99,20130105:0307,0,0
100,20130105:0407,0,0
101,20130105:0507,0,0
102,20130105:0607,0,1
103,20130105:0707,0,1
104,20130105:0807,0,1
105,20130105:0907,0,1
106,20130105:1007,0,1
107,20130105:1107,0,1
108,20130105:1207,0,1
109,20130105:1307,0,1
110,20130105:1407,0,1
111,20130105:1507,0,1
112,20130105:1607,0,1
113,20130105:1707,0,1
114,20130105:1807,0,2
115,20130105:1907,0,2
116,20130105:2007,0,0
117,20130105:2107,0,0
118,20130105:2207,0,0
119,20130105:2307,0,0
120,20130106:0007,0,0
121,20130106:0107,0,0
122,20130106:0207,0,0
123,20130106:0307,0,0
124,20130106:0407,0,0
125,20130106:0507,0,0
126,20130106:0607,0,1
127,20130106:0707,0,1
128,20130106:0807,0,1
129,20130106:0907,0,1
130,20130106:1007,0,1
131,20130106:1107,0,1
132,20130106:1207,0,1
133,20130106:1307,0,1
134,20130106:1407,0,1
135,20130106:1507,0,1
136,20130106:1607,0,1
137,20130106:1707,0,1
138,20130106:1807,0,2
139,20130106:1907,0,2
140,20130106:2007,0,0
141,20130106:2107,0,0
142,20130106:2207,0,0
143,20130106:2307,0,0
144,20130107:0007,0,0
145,20130107:0107,0,0
146,20130107:0207,0,0
147,20130107:0307,0,0
148,20130107:0407,0,0
149,20130107:0507,0,0
150,20130107:0607,0,1
151,20130107:0707,0,1
152,20130107:0807,0,1
153,20130107:0907,0,1
154,20130107:1007,0,1
155,20130107:1107,0,1
156,20130107:1207,0,1
157,20130107:1307,0,1
158,20130107:1407,0,1
159,20130107:1507,0,1
160,20130107:1607,0,1
161,20130107:1707,0,1
162,20130107:1807,0,2
163,20130107:1907,0,2
164,20130107:2007,0,0
165,20130107:2107,0,0
166,20130107:2207,0,0
167,20130107:2307,0,0
168,20130108:0007,0,0
169,20130108:0107,0,0
170,20130108:0207,0,0
171,20130108:0307,0,0
172,20130108:0407,0,0
173,20130108:0507,0,0
174,20130108:0607,0,1
175,20130108:0707,0,1
176,20130108:0807,0,1
177,20130108:0907,0,1
178,20130108:1007,0,1
179,20130108:1107,0,1
180,20130108:1207,0,1
181,20130108:1307,0,1
182,20130108:1407,0,1
183,20130108:1507,0,1
184,20130108:1607,0,1
185,20130108:1707,0,1
186,20130108:1807,0,2
187,20130108:1907,0,2
188,20130108:2007,0,0
189,20130108:2107,0,0
190,20130108:2207,0,0
191,20130108:2307,0,0
192,20130109:0007,0,0
193,20130109:0107,0,0
194,20130109:0207,0,0
195,20130109:0307,0,0
196,20130109:0407,0,0
197,20130109:0507,0,0
198,20130109:0607,0,1
199,20130109:0707,0,1
200,20130109:0807,0,1
201,20130109:0907,0,1
202,20130109:1007,0,1
203,20130109:1107,0,1
204,20130109:1207,0,1
205,20130109:1307,0,1
206,20130109:1407,0,1
207,20130109:1507,0,1
208,20130109:1607,0,1
209,20130109:1707,0,1
210,20130109:1807,0,2
211,20130109:1907,0,2
212,20130109:2007,0,0
213,20130109:2107,0,0
214,20130109:2207,0,0
215,20130109:2307,0,0
216,20130110:0007,0,0
217,20130110:0107,0,0
218,20130110:0207,0,0
219,20130110:0307,0,0
220,20130110:0407,0,0
221,20130110:0507,0,0
222,20130110:0607,0,1
223,20130110:0707,0,1
224,20130110:0807,0,1
225,20130110:0907,0,1
226,20130110:1007,0,1
227,20130110:1107,0,1
228,20130110:1207,0,1
229,20130110:1307,0,1
230,20130110:1407,0,1
231,20130110:1507,0,1
232,20130110:1607,0,1
233,20130110:1707,0,1
234,20130110:1807,0,2
235,20130110:1907,0,2
236,20130110:2007,0,0
237,20130110:2107,0,0
238,20130110:2207,0,0
239,20130110:2307,0,0
240,20130111:0007,0,0
241,20130111:0107,0,0
242,20130111:0207,0,0
243,20130111:0307,0,0
244,20130111:0407,0,0
245,20130111:0507,0,0
246,20130111:0607,0,1
247,20130111:0707,0,1
248,20130111:0807,0,1
249,20130111:0907,0,1
250,20130111:1007,0,1
251,20130111:1107,0,1
252,20130111:1207,0,1
253,20130111:1307,0,3
254,20130111:1407,0,1
255,20130111:1507,0,1
256,20130111:1607,0,1
257,20130111:1707,0,1
258,20130111:1807,0,2
259,20130111:1907,0,2
260,20130111:2007,0,0
261,20130111:2107,0,0
262,20130111:2207,0,0
263,20130111:2307,0,0
264,20130112:0007,0,0
265,20130112:0107,0,0
266,20130112:0207,0,0
267,20130112:0307,0,0
268,20130112:0407,0,0
269,20130112:0507,0,0
270,20130112:0607,0,1
271,20130112:0707,0,1
272,20130112:0807,0,1
273,20130112:0907,0,1
274,20130112:1007,0,1
275,20130112:1107,0,1
276,20130112:1207,0,1
277,20130112:1307,0,1
278,20130112:1407,0,1
279,20130112:1507,0,1
280,20130112:1607,0,1
281,20130112:1707,0,1
282,20130112:1807,0,2
283,20130112:1907,0,2
284,20130112:2007,0,0
285,20130112:2107,0,0
286,20130112:2207,0,0
287,20130112:2307,0,0
288,20130113:0007,0,0
289,20130113:0107,0,0
290,20130113:0207,0,0
291,20130113:0307,0,0
292,20130113:0407,0,0
293,20130113:0507,0,0
294,20130113:0607,0,1
295,20130113:0707,0,1
296,20130113:0807,0,1
297,20130113:0907,0,1
298,20130113:1007,0,1
299,20130113:1107,0,1
300,20130113:1207,0,1
301,20130113:1307,0,1
302,20130113:1407,0,1
303,20130113:1507,0,1
304,20130113:1607,0,1
305,20130113:1707,0,1
306,20130113:1807,0,2
307,20130113:1907,0,2
308,20130113:2007,0,0
309,20130113:2107,0,0
310,20130113:2207,0,0
311,20130113:2307,0,0
312,20130114:0007,0,0
313,20130114:0107,0,0
314,20130114:0207,0,0
315,20130114:0307,0,0
316,20130114:0407,0,0
317,20130114:0507,0,0
318,20130114:0607,0,1
319,20130114:0707,0,1
320,20130114:0807,0,1
321,20130114:0907,0,1
322,20130114:1007,0,1
323,20130114:1107,0,1
324,20130114:1207,0,1
325,20130114:1307,0,1
326,20130114:1407,0,1
327,20130114:1507,0,1
328,20130114:1607,0,1
329,20130114:1707,0,1
330,20130114:1807,0,2
331,20130114:1907,0,2
332,20130114:2007,0,0
333,20130114:2107,0,0
334,20130114:2207,0,0
335,20130114:2307,0,0
336,20130115:0007,0,0
337,20130115:0107,0,0
338,20130115:0207,0,0
339,20130115:0307,0,0
340,20130115:0407,0,0
341,20130115:0507,0,0
342,20130115:0607,0,1
343,20130115:0707,0,1
344,20130115:0807,0,1
345,20130115:0907,0,1
346,20130115:1007,0,1
347,20130115:1107,0,1
348,20130115:1207,0,1
349,20130115:1307,0,1
350,20130115:1407,0,1
351,20130115:1507,0,1
352,20130115:1607,0,1
353,20130115:1707,0,1
354,20130115:1807,0,2
355,20130115:1907,0,2
356,20130115:2007,0,0
357,20130115:2107,0,0
358,20130115:2207,0,0
359,20130115:2307,0,0
360,20130116:0007,0,0
361,20130116:0107,0,0
362,20130116:0207,0,0
363,20130116:0307,0,0
364,20130116:0407,0,0
365,20130116:0507,0,0
366,20130116:0607,0,1
367,20130116:0707,0,1
368,20130116:0807,0,1
369,20130116:0907,0,1
370,20130116:1007,0,1
371,20130116:1107,0,1
372,20130116:1207,0,1
373,20130116:1307,0,1
374,20130116:1407,0,1
375,20130116:1507,0,1
376,20130116:1607,0,1
377,20130116:1707,0,1
378,20130116:1807,0,2
379,20130116:1907,0,2
380,20130116:2007,0,0
381,20130116:2107,0,0
382,20130116:2207,0,0
383,20130116:2307,0,0
384,20130117:0007,0,0
385,20130117:0107,0,0
386,20130117:0207,0,0
387,20130117:0307,0,0
388,20130117:0407,0,0
389,20130117:0507,0,0
390,20130117:0607,0,1
391,20130117:0707,0,1
392,20130117:0807,0,1
393,20130117:0907,0,1
394,20130117:1007,0,1
395,20130117:1107,0,1
396,20130117:1207,0,1
397,20130117:1307,0,1
398,20130117:1407,0,1
399,20130117:1507,0,1
400,20130117:1607,0,1
401,20130117:1707,0,1
402,20130117:1807,0,2
403,20130117:1907,0,2
404,20130117:2007,0,0
405,20130117:2107,0,0
406,20130117:2207,0,0
407,20130117:2307,0,0
408,20130118:0007,0,0
409,20130118:0107,0,0
410,20130118:0207,0,0
411,20130118:0307,0,0
412,20130118:0407,0,0
413,20130118:0507,0,0
414,20130118:0607,0,1
415,20130118:0707,0,1
416,20130118:0807,0,1
417,20130118:0907,0,1
418,20130118:1007,0,1
419,20130118:1107,0,1
420,20130118:1207,0,1
421,20130118:1307,0,1
422,20130118:1407,0,1
423,20130118:1507,0,1
424,20130118:1607,0,1
425,20130118:1707,0,1
426,20130118:1807,0,2
427,20130118:1907,0,2
428,20130118:2007,0,0
429,20130118:2107,0,0
430,20130118:2207,0,0
431,20130118:2307,0,0
432,20130119:0007,0,0
433,20130119:0107,0,0
434,20130119:0207,0,0
435,20130119:0307,0,0
436,20130119:0407,0,0
437,20130119:0507,0,0
438,20130119:0607,0,1
439,20130119:0707,0,1
440,20130119:0807,0,1
441,20130119:0907,0,1
442,20130119:1007,0,1
443,20130119:1107,0,1
444,20130119:1207,0,1
445,20130119:1307,0,1
446,20130119:1407,0,1
447,20130119:1507,0,1
448,20130119:1607,0,1
449,20130119:1707,0,1
450,20130119:1807,0,2
451,20130119:1907,0,2
452,20130119:2007,0,0
453,20130119:2107,0,0
454,20130119:2207,0,0
455,20130119:2307,0,0
456,20130120:0007,0,0
457,20130120:0107,0,0
458,20130120:0207,0,0
459,20130120:0307,0,0
460,20130120:0407,0,0
461,20130120:0507,0,0
462,20130120:0607,0,1
463,20130120:0707,0,1
464,20130120:0807,0,1
465,20130120:0907,0,1
466,20130120:1007,0,1
467,20130120:1107,0,1
468,20130120:1207,0,1
469,20130120:1307,0,1
470,20130120:1407,0,1
471,20130120:1507,0,1
472,20130120:1607,0,1
473,20130120:1707,0,1
474,20130120:1807,0,2
475,20130120:1907,0,2
476,20130120:2007,0,0
477,20130120:2107,0,0
478,20130120:2207,0,0
479,20130120:2307,0,0
480,20130121:0007,0,0
481,20130121:0107,0,0
482,20130121:0207,0,0
483,20130121:0307,0,0
484,20130121:0407,0,0
485,20130121:0507,0,0
486,20130121:0607,0,1
487,20130121:0707,0,1
488,20130121:0807,0,1
489,20130121:0907,0,1
490,20130121:1007,0,1
491,20130121:1107,0,1
492,20130121:1207,0,1
493,20130121:1307,0,1
494,20130121:1407,0,1
495,20130121:1507,0,1
496,20130121:1607,0,1
497,20130121:1707,0,1
498,20130121:1807,0,2
499,20130121:1907,0,2
500,20130121:2007,0,0
501,20130121:2107,0,0
502,20130121:2207,0,0
503,20130121:2307,0,0
504,20130122:0007,0,0
505,20130122:0107,0,0
506,20130122:0207,0,0
507,20130122:0307,0,0
508,20130122:0407,0,0
509,20130122:0507,0,0
510,20130122:0607,0,1
511,20130122:0707,0,1
512,20130122:0807,0,1
513,20130122:0907,0,1
514,20130122:1007,0,1
515,20130122:1107,0,1
516,20130122:1207,0,1
517,20130122:1307,0,1
518,20130122:1407,0,1
519,20130122:1507,0,1
520,20130122:1607,0,1
521,20130122:1707,0,1
522,20130122:1807,0,2
523,20130122:1907,0,2
524,20130122:2007,0,0
525,20130122:2107,0,0
526,20130122:2207,0,0
527,20130122:2307,0,0
528,20130123:0007,0,0
529,20130123:0107,0,0
530,20130123:0207,0,0
531,20130123:0307,0,0
532,20130123:0407,0,0
533,20130123:0507,0,0
534,20130123:0607,0,1
535,20130123:0707,0,1
536,20130123:0807,0,1
537,20130123:0907,0,1
538,20130123:1007,0,1
539,20130123:1107,0,1
540,20130123:1207,0,1
541,20130123:1307,0,1
542,20130123:1407,0,1
543,20130123:1507,0,1
544,20130123:1607,0,1
545,20130123:1707,0,1
546,20130123:1807,0,2
547,20130123:1907,0,2
548,20130123:2007,0,0
549,20130123:2107,0,0
550,20130123:2207,0,0
551,20130123:2307,0,0
552,20130124:0007,0,0
553,20130124:0107,0,0
554,20130124:0207,0,0
555,20130124:0307,0,0
556,20130124:0407,0,0
557,20130124:0507,0,0
558,20130124:0607,0,1
559,20130124:0707,0,1
560,20130124:0807,0,1
561,20130124:0907,0,1
562,20130124:1007,0,1
563,20130124:1107,0,1
564,20130124:1207,0,1
565,20130124:1307,0,1
566,20130124:1407,0,1
567,20130124:1507,0,1
568,20130124:1607,0,1
569,20130124:1707,0,1
570,20130124:1807,0,2
571,20130124:1907,0,2
572,20130124:2007,0,0
573,20130124:2107,0,0
574,20130124:2207,0,0
575,20130124:2307,0,0
576,20130125:0007,0,0
577,20130125:0107,0,0
578,20130125:0207,0,0
579,20130125:0307,0,0
580,20130125:0407,0,0
581,20130125:0507,0,0
582,20130125:0607,0,1
583,20130125:0707,0,1
584,20130125:0807,0,1
585,20130125:0907,0,1
586,20130125:1007,0,1
587,20130125:1107,0,1
588,20130125:1207,0,1
589,20130125:1307,0,1
590,20130125:1407,0,1
591,20130125:1507,0,1
592,20130125:1607,0,1
593,20130125:1707,0,1
594,20130125:1807,0,2
595,20130125:1907,0,2
596,20130125:2007,0,0
597,20130125:2107,0,0
598,20130125:2207,0,0
599,20130125:2307,0,0
600,20130126:0007,0,0
601,20130126:0107,0,0
602,20130126:0207,0,0
603,20130126:0307,0,0
604,20130126:0407,0,0
605,20130126:0507,0,0
606,20130126:0607,0,1
607,20130126:0707,0,1
608,20130126:0807,0,1
609,20130126:0907,0,1
610,20130126:1007,0,1
611,20130126:1107,0,1
612,20130126:1207,0,1
613,20130126:1307,0,1
614,20130126:1407,0,1
615,20130126:1507,0,1
616,20130126:1607,0,1
617,20130126:1707,0,1
618,20130126:1807,0,2
619,20130126:1907,0,2
620,20130126:2007,0,0
621,20130126:2107,0,0
622,20130126:2207,0,0
623,20130126:2307,0,0
624,20130127:0007,0,0
625,20130127:0107,0,0
626,20130127:0207,0,0
627,20130127:0307,0,0
628,20130127:0407,0,0
629,20130127:0507,0,0
630,20130127:0607,0,1
631,20130127:0707,0,1
632,20130127:0807,0,1
633,20130127:0907,0,1
634,20130127:1007,0,1
635,20130127:1107,0,1
636,20130127:1207,0,1
637,20130127:1307,0,1
638,20130127:1407,0,1
639,20130127:1507,0,1
640,20130127:1607,0,1
641,20130127:1707,0,1
642,20130127:1807,0,2
643,20130127:1907,0,2
644,20130127:2007,0,0
645,20130127:2107,0,0
646,20130127:2207,0,0
647,20130127:2307,0,0
648,20130128:0007,0,0
649,20130128:0107,0,0
650,20130128:0207,0,0
651,20130128:0307,0,0
652,20130128:0407,0,0
653,20130128:0507,0,0
654,20130128:0607,0,1
655,20130128:0707,0,1
656,20130128:0807,0,1
657,20130128:0907,0,1
658,20130128:1007,0,1
659,20130128:1107,0,1
660,20130128:1207,0,1
661,20130128:1307,0,1
662,20130128:1407,0,1
663,20130128:1507,0,1
664,20130128:1607,0,1
665,20130128:1707,0,1
666,20130128:1807,0,2
667,20130128:1907,0,2
668,20130128:2007,0,0
669,20130128:2107,0,0
670,20130128:2207,0,0
671,20130128:2307,0,0
672,20130129:0007,0,0
673,20130129:0107,0,0
674,20130129:0207,0,0
675,20130129:0307,0,0
676,20130129:0407,0,0
677,20130129:0507,0,0
678,20130129:0607,0,1
679,20130129:0707,0,1
680,20130129:0807,0,1
681,20130129:0907,0,1
682,20130129:1007,0,1
683,20130129:1107,0,1
684,20130129:1207,0,1
685,20130129:1307,0,1
686,20130129:1407,0,1
687,20130129:1507,0,1
688,20130129:1607,0,1
689,20130129:1707,0,1
690,20130129:1807,0,2
691,20130129:1907,0,2
692,20130129:2007,0,0
693,20130129:2107,0,0
694,20130129:2207,0,0
695,20130129:2307,0,0
696,20130130:0007,0,0
697,20130130:0107,0,0
698,20130130:0207,0,0
699,20130130:0307,0,0
700,20130130:0407,0,0
701,20130130:0507,0,0
702,20130130:0607,0,1
703,20130130:0707,0,1
704,20130130:0807,0,1
705,20130130:0907,0,1
706,20130130:1007,0,1
707,20130130:1107,0,1
708,20130130:1207,0,1
709,20130130:1307,0,1
710,20130130:1407,0,1
711,20130130:1507,0,1
712,20130130:1607,0,1
713,20130130:1707,0,1
714,20130130:1807,0,2
715,20130130:1907,0,2
716,20130130:2007,0,0
717,20130130:2107,0,0
718,20130130:2207,0,0
719,20130130:2307,0,0
720,20130131:0007,0,0
721,20130131:0107,0,0
722,20130131:0207,0,0
723,20130131:0307,0,0
724,20130131:0407,0,0
725,20130131:0507,0,0
726,20130131:0607,0,1
727,20130131:0707,0,1
728,20130131:0807,0,1
729,20130131:0907,0,1
730,20130131:1007,0,1
731,20130131:1107,0,1
732,20130131:1207,0,1
733,20130131:1307,0,1
734,20130131:1407,0,1
735,20130131:1507,0,1
736,20130131:1607,0,1
737,20130131:1707,0,1
738,20130131:1807,0,2
739,20130131:1907,0,2
740,20130131:2007,0,0
741,20130131:2107,0,0
742,20130131:2207,0,0
743,20130131:2307,0,0
744,20130201:0007,0,0
745,20130201:0107,0,0
746,20130201:0207,0,0
747,20130201:0307,0,0
748,20130201:0407,0,0
749,20130201:0507,0,0
750,20130201:0607,0,1
751,20130201:0707,0,1
752,20130201:0807,0,1
753,20130201:0907,0,1
754,20130201:1007,0,1
755,20130201:1107,0,1
756,20130201:1207,0,1
757,20130201:1307,0,1
758,20130201:1407,0,1
759,20130201:1507,0,1
760,20130201:1607,0,1
761,20130201:1707,0,1
762,20130201:1807,0,2
763,20130201:1907,0,2
764,20130201:2007,0,0
765,20130201:2107,0,0
766,20130201:2207,0,0
767,20130201:2307,0,0
768,20130202:0007,0,0
769,20130202:0107,0,0
770,20130202:0207,0,0
771,20130202:0307,0,0
772,20130202:0407,0,0
773,20130202:0507,0,0
774,20130202:0607,0,1
775,20130202:0707,0,1
776,20130202:0807,0,1
777,20130202:0907,0,1
778,20130202:1007,0,1
779,20130202:1107,0,1
780,20130202:1207,0,1
781,20130202:1307,0,1
782,20130202:1407,0,1
783,20130202:1507,0,1
784,20130202:1607,0,1
785,20130202:1707,0,1
786,20130202:1807,0,2
787,20130202:1907,0,2
788,20130202:2007,0,0
789,20130202:2107,0,0
790,20130202:2207,0,0
791,20130202:2307,0,0
792,20130203:0007,0,0
793,20130203:0107,0,0
794,20130203:0207,0,0
795,20130203:0307,0,0
796,20130203:0407,0,0
797,20130203:0507,0,0
798,20130203:0607,0,1
799,20130203:0707,0,1
800,20130203:0807,0,1
801,20130203:0907,0,1
802,20130203:1007,0,1
803,20130203:1107,0,1
804,20130203:1207,0,1
805,20130203:1307,0,1
806,20130203:1407,0,1
807,20130203:1507,0,1
808,20130203:1607,0,1
809,20130203:1707,0,1
810,20130203:1807,0,2
811,20130203:1907,0,2
812,20130203:2007,0,0
813,20130203:2107,0,0
814,20130203:2207,0,0
815,20130203:2307,0,0
816,20130204:0007,0,0
817,20130204:0107,0,0
818,20130204:0207,0,0
819,20130204:0307,0,0
820,20130204:0407,0,0
821,20130204:0507,0,0
822,20130204:0607,0,1
823,20130204:0707,0,1
824,20130204:0807,0,1
825,20130204:0907,0,1
826,20130204:1007,0,1
827,20130204:1107,0,1
828,20130204:1207,0,1
829,20130204:1307,0,1
830,20130204:1407,0,1
831,20130204:1507,0,1
832,20130204:1607,0,1
833,20130204:1707,0,1
834,20130204:1807,0,2
835,20130204:1907,0,2
836,20130204:2007,0,0
837,20130204:2107,0,0
838,20130204:2207,0,0
839,20130204:2307,0,0
840,20130205:0007,0,0
841,20130205:0107,0,0
842,20130205:0207,0,0
843,20130205:0307,0,0
844,20130205:0407,0,0
845,20130205:0507,0,0
846,20130205:0607,0,1
847,20130205:0707,0,1
848,20130205:0807,0,1
849,20130205:0907,0,1
850,20130205:1007,0,1
851,20130205:1107,0,1
852,20130205:1207,0,1
853,20130205:1307,0,1
854,20130205:1407,0,1
855,20130205:1507,0,1
856,20130205:1607,0,1
857,20130205:1707,0,1
858,20130205:1807,0,2
859,20130205:1907,0,2
860,20130205:2007,0,0
861,20130205:2107,0,0
862,20130205:2207,0,0
863,20130205:2307,0,0
864,20130206:0007,0,0
865,20130206:0107,0,0
866,20130206:0207,0,0
867,20130206:0307,0,0
868,20130206:0407,0,0
869,20130206:0507,0,0
870,20130206:0607,0,1
871,20130206:0707,0,1
872,20130206:0807,0,1
873,20130206:0907,0,1
874,20130206:1007,0,1
875,20130206:1107,0,1
876,20130206:1207,0,1
877,20130206:1307,0,1
878,20130206:1407,0,1
879,20130206:1507,0,1
880,20130206:1607,0,1
881,20130206:1707,0,1
882,20130206:1807,0,2
883,20130206:1907,0,2
884,20130206:2007,0,0
885,20130206:2107,0,0
886,20130206:2207,0,0
887,20130206:2307,0,0
888,20130207:0007,0,0
889,20130207:0107,0,0
890,20130207:0207,0,0
891,20130207:0307,0,0
892,20130207:0407,0,0
893,20130207:0507,0,0
894,20130207:0607,0,1
895,20130207:0707,0,1
896,20130207:0807,0,1
897,20130207:0907,0,1
898,20130207:1007,0,1
899,20130207:1107,0,1
900,20130207:1207,0,1
901,20130207:1307,0,1
902,20130207:1407,0,1
903,20130207:1507,0,1
904,20130207:1607,0,1
905,20130207:1707,0,1
906,20130207:1807,0,2
907,20130207:1907,0,2
908,20130207:2007,0,0
909,20130207:2107,0,0
910,20130207:2207,0,0
911,20130207:2307,0,0
912,20130208:0007,0,0
913,20130208:0107,0,0
914,20130208:0207,0,0
915,20130208:0307,0,0
916,20130208:0407,0,0
917,20130208:0507,0,0
918,20130208:0607,0,1
919,20130208:0707,0,1
920,20130208:0807,0,1
921,20130208:0907,0,1
922,20130208:1007,0,1
923,20130208:1107,0,1
924,20130208:1207,0,1
925,20130208:1307,0,1
926,20130208:1407,0,1
927,20130208:1507,0,1
928,20130208:1607,0,1
929,20130208:1707,0,1
930,20130208:1807,0,2
931,20130208:1907,0,2
932,20130208:2007,0,0
933,20130208:2107,0,0
934,20130208:2207,0,0
935,20130208:2307,0,0
936,20130209:0007,0,0
937,20130209:0107,0,0
938,20130209:0207,0,0
939,20130209:0307,0,0
940,20130209:0407,0,0
941,20130209:0507,0,0
942,20130209:0607,0,1
943,20130209:0707,0,1
944,20130209:0807,0,1
945,20130209:0907,0,1
946,20130209:1007,0,1
947,20130209:1107,0,1
948,20130209:1207,0,1
949,20130209:1307,0,1
950,20130209:1407,0,1
951,20130209:1507,0,1
952,20130209:1607,0,1
953,20130209:1707,0,1
954,20130209:1807,0,2
955,20130209:1907,0,2
956,20130209:2007,0,0
957,20130209:2107,0,0
958,20130209:2207,0,0
959,20130209:2307,0,0
960,20130210:0007,0,0
961,20130210:0107,0,0
962,20130210:0207,0,0
963,20130210:0307,0,0
964,20130210:0407,0,0
965,20130210:0507,0,0
966,20130210:0607,0,1
967,20130210:0707,0,1
968,20130210:0807,0,1
969,20130210:0907,0,1
970,20130210:1007,0,1
971,20130210:1107,0,1
972,20130210:1207,0,1
973,20130210:1307,0,1
974,20130210:1407,0,1
975,20130210:1507,0,1
976,20130210:1607,0,1
977,20130210:1707,0,1
978,20130210:1807,0,2
979,20130210:1907,0,2
980,20130210:2007,0,0
981,20130210:2107,0,0
982,20130210:2207,0,0
983,20130210:2307,0,0
984,20130211:0007,0,0
985,20130211:0107,0,0
986,20130211:0207,0,0
987,20130211:0307,0,0
988,20130211:0407,0,0
989,20130211:0507,0,0
990,20130211:0607,0,1
991,20130211:0707,0,1
992,20130211:0807,0,1
993,20130211:0907,0,1
994,20130211:1007,0,1
995,20130211:1107,0,1
996,20130211:1207,0,1
997,20130211:1307,0,1
998,20130211:1407,0,1
999,20130211:1507,0,1
1000,20130211:1607,0,1
1001,20130211:1707,0,1
1002,20130211:1807,0,2
1003,20130211:1907,0,2
1004,20130211:2007,0,0
1005,20130211:2107,0,0
1006,20130211:2207,0,0
1007,20130211:2307,0,0
1008,20130212:0007,0,0
1009,20130212:0107,0,0
1010,20130212:0207,0,0
1011,20130212:0307,0,0
1012,20130212:0407,0,0
1013,20130212:0507,0,0
1014,20130212:0607,0,1
1015,20130212:0707,0,1
1016,20130212:0807,0,1
1017,20130212:0907,0,1
1018,20130212:1007,0,1
1019,20130212:1107,0,1
1020,20130212:1207,0,1
1021,20130212:1307,0,1
1022,20130212:1407,0,1
1023,20130212:1507,0,1
1024,20130212:1607,0,1
1025,20130212:1707,0,1
1026,20130212:1807,0,2
1027,20130212:1907,0,2
1028,20130212:2007,0,0
1029,20130212:2107,0,0
1030,20130212:2207,0,0
1031,20130212:2307,0,0
1032,20130213:0007,0,0
1033,20130213:0107,0,0
1034,20130213:0207,0,0
1035,20130213:0307,0,0
1036,20130213:0407,0,0
1037,20130213:0507,0,0
1038,20130213:0607,0,1
1039,20130213:0707,0,1
1040,20130213:0807,0,1
1041,20130213:0907,0,1
1042,20130213:1007,0,1
1043,20130213:1107,0,1
1044,20130213:1207,0,1
1045,20130213:1307,0,1
1046,20130213:1407,0,1
1047,20130213:1507,0,1
1048,20130213:1607,0,1
1049,20130213:1707,0,1
1050,20130213:1807,0,2
1051,20130213:1907,0,2
1052,20130213:2007,0,0
1053,20130213:2107,0,0
1054,20130213:2207,0,0
1055,20130213:2307,0,0
1056,20130214:0007,0,0
1057,20130214:0107,0,0
1058,20130214:0207,0,0
1059,20130214:0307,0,0
1060,20130214:0407,0,0
1061,20130214:0507,0,0
1062,20130214:0607,0,1
1063,20130214:0707,0,1
1064,20130214:0807,0,1
1065,20130214:0907,0,1
1066,20130214:1007,0,1
1067,20130214:1107,0,1
1068,20130214:1207,0,1
1069,20130214:1307,0,1
1070,20130214:1407,0,1
1071,20130214:1507,0,1
1072,20130214:1607,0,1
1073,20130214:1707,0,1
1074,20130214:1807,0,2
1075,20130214:1907,0,2
1076,20130214:2007,0,0
1077,20130214:2107,0,0
1078,20130214:2207,0,0
1079,20130214:2307,0,0
1080,20130215:0007,0,0
1081,20130215:0107,0,0
1082,20130215:0207,0,0
1083,20130215:0307,0,0
1084,20130215:0407,0,0
1085,20130215:0507,0,0
1086,20130215:0607,0,1
1087,20130215:0707,0,1
1088,20130215:0807,0,1
1089,20130215:0907,0,1
1090,20130215:1007,0,1
1091,20130215:1107,0,1
1092,20130215:1207,0,1
1093,20130215:1307,0,1
1094,20130215:1407,0,1
1095,20130215:1507,0,1
1096,20130215:1607,0,1
1097,20130215:1707,0,1
1098,20130215:1807,0,2
1099,20130215:1907,0,2
1100,20130215:2007,0,0
1101,20130215:2107,0,0
1102,20130215:2207,0,0
1103,20130215:2307,0,0
1104,20130216:0007,0,0
1105,20130216:0107,0,0
1106,20130216:0207,0,0
1107,20130216:0307,0,0
1108,20130216:0407,0,0
1109,20130216:0507,0,0
1110,20130216:0607,0,1
1111,20130216:0707,0,1
1112,20130216:0807,0,1
1113,20130216:0907,0,1
1114,20130216:1007,0,1
1115,20130216:1107,0,1
1116,20130216:1207,0,1
1117,20130216:1307,0,1
1118,20130216:1407,0,1
1119,20130216:1507,0,1
1120,20130216:1607,0,1
1121,20130216:1707,0,1
1122,20130216:1807,0,2
1123,20130216:1907,0,2
1124,20130216:2007,0,0
1125,20130216:2107,0,0
1126,20130216:2207,0,0
1127,20130216:2307,0,0
1128,20130217:0007,0,0
1129,20130217:0107,0,0
1130,20130217:0207,0,0
1131,20130217:0307,0,0
1132,20130217:0407,0,0
1133,20130217:0507,0,0
1134,20130217:0607,0,1
1135,20130217:0707,0,1
1136,20130217:0807,0,1
1137,20130217:0907,0,1
1138,20130217:1007,0,1
1139,20130217:1107,0,1
1140,20130217:1207,0,1
1141,20130217:1307,0,1
1142,20130217:1407,0,1
1143,20130217:1507,0,1
1144,20130217:1607,0,1
1145,20130217:1707,0,1
1146,20130217:1807,0,2
1147,20130217:1907,0,2
1148,20130217:2007,0,0
1149,20130217:2107,0,0
1150,20130217:2207,0,0
1151,20130217:2307,0,0
1152,20130218:0007,0,0
1153,20130218:0107,0,0
1154,20130218:0207,0,0
1155,20130218:0307,0,0
1156,20130218:0407,0,0
1157,20130218:0507,0,0
1158,20130218:0607,0,1
1159,20130218:0707,0,1
1160,20130218:0807,0,1
1161,20130218:0907,0,1
1162,20130218:1007,0,1
1163,20130218:1107,0,1
1164,20130218:1207,0,1
1165,20130218:1307,0,1
1166,20130218:1407,0,1
1167,20130218:1507,0,1
1168,20130218:1607,0,1
1169,20130218:1707,0,1
1170,20130218:1807,0,2
1171,20130218:1907,0,2
1172,20130218:2007,0,0
1173,20130218:2107,0,0
1174,20130218:2207,0,0
1175,20130218:2307,0,0
1176,20130219:0007,0,0
1177,20130219:0107,0,0
1178,20130219:0207,0,0
1179,20130219:0307,0,0
1180,20130219:0407,0,0
1181,20130219:0507,0,0
1182,20130219:0607,0,1
1183,20130219:0707,0,1
1184,20130219:0807,0,1
1185,20130219:0907,0,1
1186,20130219:1007,0,1
1187,20130219:1107,0,3
1188,20130219:1207,0,1
1189,20130219:1307,0,1
1190,20130219:1407,0,1
1191,20130219:1507,0,1
1192,20130219:1607,0,1
1193,20130219:1707,0,1
1194,20130219:1807,0,3
1195,20130219:1907,0,2
1196,20130219:2007,0,0
1197,20130219:2107,0,0
1198,20130219:2207,0,0
1199,20130219:2307,0,0
1200,20130220:0007,0,0
1201,20130220:0107,0,0
1202,20130220:0207,0,0
1203,20130220:0307,0,0
1204,20130220:0407,0,0
1205,20130220:0507,0,0
1206,20130220:0607,0,1
1207,20130220:0707,0,1
1208,20130220:0807,0,1
1209,20130220:0907,0,1
1210,20130220:1007,0,1
1211,20130220:1107,0,1
1212,20130220:1207,0,1
1213,20130220:1307,0,1
1214,20130220:1407,0,1
1215,20130220:1507,0,1
1216,20130220:1607,0,1
1217,20130220:1707,0,1
1218,20130220:1807,0,2
1219,20130220:1907,0,2
1220,20130220:2007,0,0
1221,20130220:2107,0,0
1222,20130220:2207,0,0
1223,20130220:2307,0,0
1224,20130221:0007,0,0
1225,20130221:0107,0,0
1226,20130221:0207,0,0
1227,20130221:0307,0,0
1228,20130221:0407,0,0
1229,20130221:0507,0,0
1230,20130221:0607,0,1
1231,20130221:0707,0,1
1232,20130221:0807,0,1
1233,20130221:0907,0,1
1234,20130221:1007,0,1
1235,20130221:1107,0,1
1236,20130221:1207,0,1
1237,20130221:1307,0,1
1238,20130221:1407,0,1
1239,20130221:1507,0,1
1240,20130221:1607,0,1
1241,20130221:1707,0,1
1242,20130221:1807,0,2
1243,20130221:1907,0,2
1244,20130221:2007,0,0
1245,20130221:2107,0,0
1246,20130221:2207,0,0
1247,20130221:2307,0,0
1248,20130222:0007,0,0
1249,20130222:0107,0,0
1250,20130222:0207,0,0
1251,20130222:0307,0,0
1252,20130222:0407,0,0
1253,20130222:0507,0,0
1254,20130222:0607,0,1
1255,20130222:0707,0,1
1256,20130222:0807,0,1
1257,20130222:0907,0,1
1258,20130222:1007,0,1
1259,20130222:1107,0,1
1260,20130222:1207,0,1
1261,20130222:1307,0,1
1262,20130222:1407,0,1
1263,20130222:1507,0,1
1264,20130222:1607,0,1
1265,20130222:1707,0,1
1266,20130222:1807,0,2
1267,20130222:1907,0,2
1268,20130222:2007,0,0
1269,20130222:2107,0,0
1270,20130222:2207,0,0
1271,20130222:2307,0,0
1272,20130223:0007,0,0
1273,20130223:0107,0,0
1274,20130223:0207,0,0
1275,20130223:0307,0,0
1276,20130223:0407,0,0
1277,20130223:0507,0,0
1278,20130223:0607,0,1
1279,20130223:0707,0,1
1280,20130223:0807,0,1
1281,20130223:0907,0,1
1282,20130223:1007,0,1
1283,20130223:1107,0,1
1284,20130223:1207,0,1
1285,20130223:1307,0,1
1286,20130223:1407,0,1
1287,20130223:1507,0,1
1288,20130223:1607,0,1
1289,20130223:1707,0,1
1290,20130223:1807,0,2
1291,20130223:1907,0,2
1292,20130223:2007,0,0
1293,20130223:2107,0,0
1294,20130223:2207,0,0
1295,20130223:2307,0,0
1296,20130224:0007,0,0
1297,20130224:0107,0,0
1298,20130224:0207,0,0
1299,20130224:0307,0,0
1300,20130224:0407,0,0
1301,20130224:0507,0,0
1302,20130224:0607,0,1
1303,20130224:0707,0,1
1304,20130224:0807,0,1
1305,20130224:0907,0,1
1306,20130224:1007,0,1
1307,20130224:1107,0,1
1308,20130224:1207,0,1
1309,20130224:1307,0,1
1310,20130224:1407,0,1
1311,20130224:1507,0,1
1312,20130224:1607,0,1
1313,20130224:1707,0,1
1314,20130224:1807,0,2
1315,20130224:1907,0,2
1316,20130224:2007,0,0
1317,20130224:2107,0,0
1318,20130224:2207,0,0
1319,20130224:2307,0,0
1320,20130225:0007,0,0
1321,20130225:0107,0,0
1322,20130225:0207,0,0
1323,20130225:0307,0,0
1324,20130225:0407,0,0
1325,20130225:0507,0,0
1326,20130225:0607,0,3
1327,20130225:0707,0,1
1328,20130225:0807,0,1
1329,20130225:0907,0,1
1330,20130225:1007,0,1
1331,20130225:1107,0,1
1332,20130225:1207,0,1
1333,20130225:1307,0,1
1334,20130225:1407,0,1
1335,20130225:1507,0,1
1336,20130225:1607,0,1
1337,20130225:1707,0,1
1338,20130225:1807,0,2
1339,20130225:1907,0,2
1340,20130225:2007,0,0
1341,20130225:2107,0,0
1342,20130225:2207,0,0
1343,20130225:2307,0,0
1344,20130226:0007,0,0
1345,20130226:0107,0,0
1346,20130226:0207,0,0
1347,20130226:0307,0,0
1348,20130226:0407,0,0
1349,20130226:0507,0,0
1350,20130226:0607,0,1
1351,20130226:0707,0,1
1352,20130226:0807,0,1
1353,20130226:0907,0,1
1354,20130226:1007,0,1
1355,20130226:1107,0,1
1356,20130226:1207,0,1
1357,20130226:1307,0,1
1358,20130226:1407,0,1
1359,20130226:1507,0,1
1360,20130226:1607,0,1
1361,20130226:1707,0,1
1362,20130226:1807,0,3
1363,20130226:1907,0,2
1364,20130226:2007,0,0
1365,20130226:2107,0,0
1366,20130226:2207,0,0
1367,20130226:2307,0,0
1368,20130227:0007,0,0
1369,20130227:0107,0,0
1370,20130227:0207,0,0
1371,20130227:0307,0,0
1372,20130227:0407,0,0
1373,20130227:0507,0,0
1374,20130227:0607,0,1
1375,20130227:0707,0,1
1376,20130227:0807,0,1
1377,20130227:0907,0,1
1378,20130227:1007,0,1
1379,20130227:1107,0,1
1380,20130227:1207,0,1
1381,20130227:1307,0,1
1382,20130227:1407,0,1
1383,20130227:1507,0,1
1384,20130227:1607,0,1
1385,20130227:1707,0,1
1386,20130227:1807,0,2
1387,20130227:1907,0,2
1388,20130227:2007,0,0
1389,20130227:2107,0,0
1390,20130227:2207,0,0
1391,20130227:2307,0,0
1392,20130228:0007,0,0
1393,20130228:0107,0,0
1394,20130228:0207,0,0
1395,20130228:0307,0,0
1396,20130228:0407,0,0
1397,20130228:0507,0,0
1398,20130228:0607,0,1
1399,20130228:0707,0,1
1400,20130228:0807,0,1
1401,20130228:0907,0,1
1402,20130228:1007,0,1
1403,20130228:1107,0,1
1404,20130228:1207,0,1
1405,20130228:1307,0,1
1406,20130228:1407,0,1
1407,20130228:1507,0,1
1408,20130228:1607,0,1
1409,20130228:1707,0,1
1410,20130228:1807,0,2
1411,20130228:1907,0,2
1412,20130228:2007,0,0
1413,20130228:2107,0,0
1414,20130228:2207,0,0
1415,20130228:2307,0,0
1416,20130301:0007,0,0
1417,20130301:0107,0,0
1418,20130301:0207,0,0
1419,20130301:0307,0,0
1420,20130301:0407,0,0
1421,20130301:0507,0,0
1422,20130301:0607,0,1
1423,20130301:0707,0,1
1424,20130301:0807,0,1
1425,20130301:0907,0,1
1426,20130301:1007,0,1
1427,20130301:1107,0,1
1428,20130301:1207,0,1
1429,20130301:1307,0,1
1430,20130301:1407,0,1
1431,20130301:1507,0,1
1432,20130301:1607,0,1
1433,20130301:1707,0,1
1434,20130301:1807,0,2
1435,20130301:1907,0,2
1436,20130301:2007,0,0
1437,20130301:2107,0,0
1438,20130301:2207,0,0
1439,20130301:2307,0,0
1440,20130302:0007,0,0
1441,20130302:0107,0,0
1442,20130302:0207,0,0
1443,20130302:0307,0,0
1444,20130302:0407,0,0
1445,20130302:0507,0,0
1446,20130302:0607,0,1
1447,20130302:0707,0,1
1448,20130302:0807,0,1
1449,20130302:0907,0,1
1450,20130302:1007,0,1
1451,20130302:1107,0,1
1452,20130302:1207,0,1
1453,20130302:1307,0,1
1454,20130302:1407,0,1
1455,20130302:1507,0,1
1456,20130302:1607,0,1
1457,20130302:1707,0,3
1458,20130302:1807,0,2
1459,20130302:1907,0,2
1460,20130302:2007,0,0
1461,20130302:2107,0,0
1462,20130302:2207,0,0
1463,20130302:2307,0,0
1464,20130303:0007,0,0
1465,20130303:0107,0,0
1466,20130303:0207,0,0
1467,20130303:0307,0,0
1468,20130303:0407,0,0
1469,20130303:0507,0,0
1470,20130303:0607,0,1
1471,20130303:0707,0,1
1472,20130303:0807,0,1
1473,20130303:0907,0,1
1474,20130303:1007,0,1
1475,20130303:1107,0,1
1476,20130303:1207,0,1
1477,20130303:1307,0,1
1478,20130303:1407,0,1
1479,20130303:1507,0,1
1480,20130303:1607,0,1
1481,20130303:1707,0,1
1482,20130303:1807,0,2
1483,20130303:1907,0,2
1484,20130303:2007,0,0
1485,20130303:2107,0,0
1486,20130303:2207,0,0
1487,20130303:2307,0,0
1488,20130304:0007,0,0
1489,20130304:0107,0,0
1490,20130304:0207,0,0
1491,20130304:0307,0,0
1492,20130304:0407,0,0
1493,20130304:0507,0,0
1494,20130304:0607,0,1
1495,20130304:0707,0,1
1496,20130304:0807,0,1
1497,20130304:0907,0,1
1498,20130304:1007,0,1
1499,20130304:1107,0,1
1500,20130304:1207,0,1
1501,20130304:1307,0,1
1502,20130304:1407,0,1
1503,20130304:1507,0,1
1504,20130304:1607,0,1
1505,20130304:1707,0,1
1506,20130304:1807,0,2
1507,20130304:1907,0,2
1508,20130304:2007,0,0
1509,20130304:2107,0,0
1510,20130304:2207,0,0
1511,20130304:2307,0,0
1512,20130305:0007,0,0
1513,20130305:0107,0,0
1514,20130305:0207,0,0
1515,20130305:0307,0,0
1516,20130305:0407,0,0
1517,20130305:0507,0,0
1518,20130305:0607,0,1
1519,20130305:0707,0,1
1520,20130305:0807,0,1
1521,20130305:0907,0,1
1522,20130305:1007,0,1
1523,20130305:1107,0,1
1524,20130305:1207,0,1
1525,20130305:1307,0,1
1526,20130305:1407,0,1
1527,20130305:1507,0,1
1528,20130305:1607,0,1
1529,20130305:1707,0,1
1530,20130305:1807,0,2
1531,20130305:1907,0,2
1532,20130305:2007,0,0
1533,20130305:2107,0,0
1534,20130305:2207,0,0
1535,20130305:2307,0,0
1536,20130306:0007,0,0
1537,20130306:0107,0,0
1538,20130306:0207,0,0
1539,20130306:0307,0,0
1540,20130306:0407,0,0
1541,20130306:0507,0,0
1542,20130306:0607,0,1
1543,20130306:0707,0,1
1544,20130306:0807,0,1
1545,20130306:0907,0,1
1546,20130306:1007,0,1
1547,20130306:1107,0,1
1548,20130306:1207,0,1
1549,20130306:1307,0,1
1550,20130306:1407,0,1
1551,20130306:1507,0,1
1552,20130306:1607,0,1
1553,20130306:1707,0,1
1554,20130306:1807,0,2
1555,20130306:1907,0,2
1556,20130306:2007,0,0
1557,20130306:2107,0,0
1558,20130306:2207,0,0
1559,20130306:2307,0,0
1560,20130307:0007,0,0
1561,20130307:0107,0,0
1562,20130307:0207,0,0
1563,20130307:0307,0,0
1564,20130307:0407,0,0
1565,20130307:0507,0,0
1566,20130307:0607,0,1
1567,20130307:0707,0,1
1568,20130307:0807,0,1
1569,20130307:0907,0,1
1570,20130307:1007,0,1
1571,20130307:1107,0,1
1572,20130307:1207,0,1
1573,20130307:1307,0,1
1574,20130307:1407,0,1
1575,20130307:1507,0,1
1576,20130307:1607,0,1
1577,20130307:1707,0,3
1578,20130307:1807,0,2
1579,20130307:1907,0,2
1580,20130307:2007,0,0
1581,20130307:2107,0,0
1582,20130307:2207,0,0
1583,20130307:2307,0,0
1584,20130308:0007,0,0
1585,20130308:0107,0,0
1586,20130308:0207,0,0
1587,20130308:0307,0,0
1588,20130308:0407,0,0
1589,20130308:0507,0,0
1590,20130308:0607,0,1
1591,20130308:0707,0,1
1592,20130308:0807,0,1
1593,20130308:0907,0,1
1594,20130308:1007,0,1
1595,20130308:1107,0,1
1596,20130308:1207,0,1
1597,20130308:1307,0,1
1598,20130308:1407,0,1
1599,20130308:1507,0,1
1600,20130308:1607,0,1
1601,20130308:1707,0,1
1602,20130308:1807,0,2
1603,20130308:1907,0,2
1604,20130308:2007,0,0
1605,20130308:2107,0,0
1606,20130308:2207,0,0
1607,20130308:2307,0,0
1608,20130309:0007,0,0
1609,20130309:0107,0,0
1610,20130309:0207,0,0
1611,20130309:0307,0,0
1612,20130309:0407,0,0
1613,20130309:0507,0,0
1614,20130309:0607,0,1
1615,20130309:0707,0,1
1616,20130309:0807,0,1
1617,20130309:0907,0,1
1618,20130309:1007,0,1
1619,20130309:1107,0,1
1620,20130309:1207,0,1
1621,20130309:1307,0,1
1622,20130309:1407,0,1
1623,20130309:1507,0,1
1624,20130309:1607,0,1
1625,20130309:1707,0,1
1626,20130309:1807,0,2
1627,20130309:1907,0,2
1628,20130309:2007,0,0
1629,20130309:2107,0,0
1630,20130309:2207,0,0
1631,20130309:2307,0,0
1632,20130310:0007,0,0
1633,20130310:0107,0,0
1634,20130310:0207,0,0
1635,20130310:0307,0,0
1636,20130310:0407,0,0
1637,20130310:0507,0,0
1638,20130310:0607,0,1
1639,20130310:0707,0,1
1640,20130310:0807,0,1
1641,20130310:0907,0,1
1642,20130310:1007,0,1
1643,20130310:1107,0,1
1644,20130310:1207,0,1
1645,20130310:1307,0,1
1646,20130310:1407,0,1
1647,20130310:1507,0,1
1648,20130310:1607,0,1
1649,20130310:1707,0,1
1650,20130310:1807,0,2
1651,20130310:1907,0,2
1652,20130310:2007,0,0
1653,20130310:2107,0,0
1654,20130310:2207,0,0
1655,20130310:2307,0,0
1656,20130311:0007,0,0
1657,20130311:0107,0,0
1658,20130311:0207,0,0
1659,20130311:0307,0,0
1660,20130311:0407,0,0
1661,20130311:0507,0,0
1662,20130311:0607,0,1
1663,20130311:0707,0,1
1664,20130311:0807,0,1
1665,20130311:0907,0,1
1666,20130311:1007,0,1
1667,20130311:1107,0,1
1668,20130311:1207,0,1
1669,20130311:1307,0,1
1670,20130311:1407,0,1
1671,20130311:1507,0,1
1672,20130311:1607,0,1
1673,20130311:1707,0,1
1674,20130311:1807,0,2
1675,20130311:1907,0,2
1676,20130311:2007,0,0
1677,20130311:2107,0,0
1678,20130311:2207,0,0
1679,20130311:2307,0,0
1680,20130312:0007,0,0
1681,20130312:0107,0,0
1682,20130312:0207,0,0
1683,20130312:0307,0,0
1684,20130312:0407,0,0
1685,20130312:0507,0,0
1686,20130312:0607,0,1
1687,20130312:0707,0,1
1688,20130312:0807,0,1
1689,20130312:0907,0,1
1690,20130312:1007,0,3
1691,20130312:1107,0,1
1692,20130312:1207,0,1
1693,20130312:1307,0,1
1694,20130312:1407,0,1
1695,20130312:1507,0,1
1696,20130312:1607,0,1
1697,20130312:1707,0,1
1698,20130312:1807,0,2
1699,20130312:1907,0,2
1700,20130312:2007,0,0
1701,20130312:2107,0,0
1702,20130312:2207,0,0
1703,20130312:2307,0,0
1704,20130313:0007,0,0
1705,20130313:0107,0,0
1706,20130313:0207,0,0
1707,20130313:0307,0,0
1708,20130313:0407,0,0
1709,20130313:0507,0,0
1710,20130313:0607,0,1
1711,20130313:0707,0,1
1712,20130313:0807,0,1
1713,20130313:0907,0,1
1714,20130313:1007,0,1
1715,20130313:1107,0,1
1716,20130313:1207,0,1
1717,20130313:1307,0,1
1718,20130313:1407,0,1
1719,20130313:1507,0,1
1720,20130313:1607,0,1
1721,20130313:1707,0,1
1722,20130313:1807,0,2
1723,20130313:1907,0,2
1724,20130313:2007,0,0
1725,20130313:2107,0,0
1726,20130313:2207,0,0
1727,20130313:2307,0,0
1728,20130314:0007,0,0
1729,20130314:0107,0,0
1730,20130314:0207,0,0
1731,20130314:0307,0,0
1732,20130314:0407,0,0
1733,20130314:0507,0,0
1734,20130314:0607,0,1
1735,20130314:0707,0,1
1736,20130314:0807,0,1
1737,20130314:0907,0,1
1738,20130314:1007,0,1
1739,20130314:1107,0,1
1740,20130314:1207,0,1
1741,20130314:1307,0,1
1742,20130314:1407,0,1
1743,20130314:1507,0,1
1744,20130314:1607,0,1
1745,20130314:1707,0,1
1746,20130314:1807,0,2
1747,20130314:1907,0,2
1748,20130314:2007,0,0
1749,20130314:2107,0,0
1750,20130314:2207,0,0
1751,20130314:2307,0,0
1752,20130315:0007,0,0
1753,20130315:0107,0,0
1754,20130315:0207,0,0
1755,20130315:0307,0,0
1756,20130315:0407,0,0
1757,20130315:0507,0,0
1758,20130315:0607,0,1
1759,20130315:0707,0,1
1760,20130315:0807,0,1
1761,20130315:0907,0,1
1762,20130315:1007,0,1
1763,20130315:1107,0,1
1764,20130315:1207,0,1
1765,20130315:1307,0,1
1766,20130315:1407,0,1
1767,20130315:1507,0,1
1768,20130315:1607,0,1
1769,20130315:1707,0,1
1770,20130315:1807,0,2
1771,20130315:1907,0,2
1772,20130315:2007,0,0
1773,20130315:2107,0,0
1774,20130315:2207,0,0
1775,20130315:2307,0,0
1776,20130316:0007,0,0
1777,20130316:0107,0,0
1778,20130316:0207,0,0
1779,20130316:0307,0,0
1780,20130316:0407,0,0
1781,20130316:0507,0,0
1782,20130316:0607,0,1
1783,20130316:0707,0,1
1784,20130316:0807,0,1
1785,20130316:0907,0,1
1786,20130316:1007,0,1
1787,20130316:1107,0,1
1788,20130316:1207,0,1
1789,20130316:1307,0,1
1790,20130316:1407,0,1
1791,20130316:1507,0,1
1792,20130316:1607,0,1
1793,20130316:1707,0,1
1794,20130316:1807,0,2
1795,20130316:1907,0,2
1796,20130316:2007,0,0
1797,20130316:2107,0,0
1798,20130316:2207,0,0
1799,20130316:2307,0,0
1800,20130317:0007,0,0
1801,20130317:0107,0,0
1802,20130317:0207,0,0
1803,20130317:0307,0,0
1804,20130317:0407,0,0
1805,20130317:0507,0,0
1806,20130317:0607,0,1
1807,20130317:0707,0,1
1808,20130317:0807,0,1
1809,20130317:0907,0,1
1810,20130317:1007,0,1
1811,20130317:1107,0,1
1812,20130317:1207,0,1
1813,20130317:1307,0,1
1814,20130317:1407,0,1
1815,20130317:1507,0,1
1816,20130317:1607,0,1
1817,20130317:1707,0,1
1818,20130317:1807,0,2
1819,20130317:1907,0,2
1820,20130317:2007,0,0
1821,20130317:2107,0,0
1822,20130317:2207,0,0
1823,20130317:2307,0,0
1824,20130318:0007,0,0
1825,20130318:0107,0,0
1826,20130318:0207,0,0
1827,20130318:0307,0,0
1828,20130318:0407,0,0
1829,20130318:0507,0,0
1830,20130318:0607,0,1
1831,20130318:0707,0,1
1832,20130318:0807,0,1
1833,20130318:0907,0,1
1834,20130318:1007,0,1
1835,20130318:1107,0,1
1836,20130318:1207,0,1
1837,20130318:1307,0,1
1838,20130318:1407,0,1
1839,20130318:1507,0,1
1840,20130318:1607,0,1
1841,20130318:1707,0,1
1842,20130318:1807,0,2
1843,20130318:1907,0,2
1844,20130318:2007,0,0
1845,20130318:2107,0,0
1846,20130318:2207,0,0
1847,20130318:2307,0,0
1848,20130319:0007,0,0
1849,20130319:0107,0,0
1850,20130319:0207,0,0
1851,20130319:0307,0,0
1852,20130319:0407,0,0
1853,20130319:0507,0,0
1854,20130319:0607,0,1
1855,20130319:0707,0,1
1856,20130319:0807,0,1
1857,20130319:0907,0,1
1858,20130319:1007,0,1
1859,20130319:1107,0,1
1860,20130319:1207,0,1
1861,20130319:1307,0,1
1862,20130319:1407,0,1
1863,20130319:1507,0,1
1864,20130319:1607,0,1
1865,20130319:1707,0,1
1866,20130319:1807,0,2
1867,20130319:1907,0,2
1868,20130319:2007,0,0
1869,20130319:2107,0,0
1870,20130319:2207,0,0
1871,20130319:2307,0,0
1872,20130320:0007,0,0
1873,20130320:0107,0,0
1874,20130320:0207,0,0
1875,20130320:0307,0,0
1876,20130320:0407,0,0
1877,20130320:0507,0,0
1878,20130320:0607,0,1
1879,20130320:0707,0,1
1880,20130320:0807,0,1
1881,20130320:0907,0,1
1882,20130320:1007,0,1
1883,20130320:1107,0,1
1884,20130320:1207,0,1
1885,20130320:1307,0,1
1886,20130320:1407,0,1
1887,20130320:1507,0,1
1888,20130320:1607,0,1
1889,20130320:1707,0,1
1890,20130320:1807,0,2
1891,20130320:1907,0,2
1892,20130320:2007,0,0
1893,20130320:2107,0,0
1894,20130320:2207,0,0
1895,20130320:2307,0,0
1896,20130321:0007,0,0
1897,20130321:0107,0,0
1898,20130321:0207,0,0
1899,20130321:0307,0,0
1900,20130321:0407,0,0
1901,20130321:0507,0,0
1902,20130321:0607,0,1
1903,20130321:0707,0,1
1904,20130321:0807,0,1
1905,20130321:0907,0,1
1906,20130321:1007,0,1
1907,20130321:1107,0,1
1908,20130321:1207,0,1
1909,20130321:1307,0,1
1910,20130321:1407,0,1
1911,20130321:1507,0,1
1912,20130321:1607,0,1
1913,20130321:1707,0,1
1914,20130321:1807,0,2
1915,20130321:1907,0,2
1916,20130321:2007,0,0
1917,20130321:2107,0,0
1918,20130321:2207,0,0
1919,20130321:2307,0,0
1920,20130322:0007,0,0
1921,20130322:0107,0,0
1922,20130322:0207,0,0
1923,20130322:0307,0,0
1924,20130322:0407,0,0
1925,20130322:0507,0,0
1926,20130322:0607,0,1
1927,20130322:0707,0,1
1928,20130322:0807,0,1
1929,20130322:0907,0,1
1930,20130322:1007,0,1
1931,20130322:1107,0,1
1932,20130322:1207,0,1
1933,20130322:1307,0,1
1934,20130322:1407,0,1
1935,20130322:1507,0,1
1936,20130322:1607,0,1
1937,20130322:1707,0,1
1938,20130322:1807,0,2
1939,20130322:1907,0,2
1940,20130322:2007,0,0
1941,20130322:2107,0,0
1942,20130322:2207,0,0
1943,20130322:2307,0,0
1944,20130323:0007,0,0
1945,20130323:0107,0,0
1946,20130323:0207,0,0
1947,20130323:0307,0,0
1948,20130323:0407,0,0
1949,20130323:0507,0,0
1950,20130323:0607,0,1
1951,20130323:0707,0,1
1952,20130323:0807,0,1
1953,20130323:0907,0,1
1954,20130323:1007,0,1
1955,20130323:1107,0,1
1956,20130323:1207,0,1
1957,20130323:1307,0,1
1958,20130323:1407,0,1
1959,20130323:1507,0,1
1960,20130323:1607,0,1
1961,20130323:1707,0,1
1962,20130323:1807,0,2
1963,20130323:1907,0,2
1964,20130323:2007,0,0
1965,20130323:2107,0,0
1966,20130323:2207,0,0
1967,20130323:2307,0,0
1968,20130324:0007,0,0
1969,20130324:0107,0,0
1970,20130324:0207,0,0
1971,20130324:0307,0,0
1972,20130324:0407,0,0
1973,20130324:0507,0,0
1974,20130324:0607,0,1
1975,20130324:0707,0,1
1976,20130324:0807,0,1
1977,20130324:0907,0,1
1978,20130324:1007,0,1
1979,20130324:1107,0,1
1980,20130324:1207,0,1
1981,20130324:1307,0,1
1982,20130324:1407,0,1
1983,20130324:1507,0,1
1984,20130324:1607,0,1
1985,20130324:1707,0,1
1986,20130324:1807,0,2
1987,20130324:1907,0,2
1988,20130324:2007,0,0
1989,20130324:2107,0,0
1990,20130324:2207,0,0
1991,20130324:2307,0,0
1992,20130325:0007,0,0
1993,20130325:0107,0,0
1994,20130325:0207,0,0
1995,20130325:0307,0,0
1996,20130325:0407,0,0
1997,20130325:0507,0,0
1998,20130325:0607,0,1
1999,20130411:0507,0,0
2000,20130411:0607,0,1
2001,20130411:0707,0,1
2002,20130411:0807,0,1
2003,20130411:0907,0,1
2004,20130411:1007,0,1
2005,20130411:1107,0,1
2006,20130411:1207,0,1
2007,20130411:1307,0,1
2008,20130411:1407,0,1
2009,20130411:1507,0,1
2010,20130411:1607,0,1
2011,20130411:1707,0,1
2012,20130411:1807,0,2
2013,20130411:1907,0,2
2014,20130411:2007,0,0
2015,20130411:2107,0,0
2016,20130411:2207,0,0
2017,20130411:2307,0,0
2018,20130412:0007,0,0
2019,20130412:0107,0,0
2020,20130412:0207,0,0
2021,20130412:0307,0,0
2022,20130412:0407,0,0
2023,20130412:0507,0,0
2024,20130412:0607,0,1
2025,20130412:0707,0,1
2026,20130412:0807,0,1
2027,20130412:0907,0,1
2028,20130412:1007,0,1
2029,20130412:1107,0,1
2030,20130412:1207,0,1
2031,20130412:1307,0,1
2032,20130412:1407,0,1
2033,20130412:1507,0,1
2034,20130412:1607,0,1
2035,20130412:1707,0,1
2036,20130412:1807,0,2
2037,20130412:1907,0,2
2038,20130412:2007,0,0
2039,20130412:2107,0,0
2040,20130412:2207,0,0
2041,20130412:2307,0,0
2042,20130413:0007,0,0
2043,20130413:0107,0,0
2044,20130413:0207,0,0
2045,20130413:0307,0,0
2046,20130413:0407,0,0
2047,20130413:0507,0,0
2048,20130413:0607,0,1
2049,20130413:0707,0,1
2050,20130413:0807,0,1
2051,20130413:0907,0,1
2052,20130413:1007,0,1
2053,20130413:1107,0,1
2054,20130413:1207,0,1
2055,20130413:1307,0,1
2056,20130413:1407,0,1
2057,20130413:1507,0,1
2058,20130413:1607,0,1
2059,20130413:1707,0,1
2060,20130413:1807,0,2
2061,20130413:1907,0,2
2062,20130413:2007,0,0
2063,20130413:2107,0,0
2064,20130413:2207,0,0
2065,20130413:2307,0,0
2066,20130414:0007,0,0
2067,20130414:0107,0,0
2068,20130414:0207,0,0
2069,20130414:0307,0,0
2070,20130414:0407,0,0
2071,20130414:0507,0,0
2072,20130414:0607,0,1
2073,20130414:0707,0,1
2074,20130414:0807,0,1
2075,20130414:0907,0,1
2076,20130414:1007,0,1
2077,20130414:1107,0,1
2078,20130414:1207,0,1
2079,20130414:1307,0,1
2080,20130414:1407,0,1
2081,20130414:1507,0,1
2082,20130414:1607,0,1
2083,20130414:1707,0,1
2084,20130414:1807,0,2
2085,20130414:1907,0,2
2086,20130414:2007,0,0
2087,20130414:2107,0,0
2088,20130414:2207,0,0
2089,20130414:2307,0,0
2090,20130415:0007,0,0
2091,20130415:0107,0,0
2092,20130415:0207,0,0
2093,20130415:0307,0,0
2094,20130415:0407,0,0
2095,20130415:0507,0,0
2096,20130415:0607,0,1
2097,20130415:0707,0,1
2098,20130415:0807,0,1
2099,20130415:0907,0,1
2100,20130415:1007,0,1
2101,20130415:1107,0,1
2102,20130415:1207,0,1
2103,20130415:1307,0,3
2104,20130415:1407,0,1
2105,20130415:1507,0,1
2106,20130415:1607,0,1
2107,20130415:1707,0,1
2108,20130415:1807,0,2
2109,20130415:1907,0,2
2110,20130415:2007,0,0
2111,20130415:2107,0,0
2112,20130415:2207,0,0
2113,20130415:2307,0,0
2114,20130416:0007,0,0
2115,20130416:0107,0,0
2116,20130416:0207,0,0
2117,20130416:0307,0,0
2118,20130416:0407,0,0
2119,20130416:0507,0,0
2120,20130416:0607,0,1
2121,20130416:0707,0,3
2122,20130416:0807,0,1
2123,20130416:0907,0,1
2124,20130416:1007,0,1
2125,20130416:1107,0,1
2126,20130416:1207,0,1
2127,20130416:1307,0,1
2128,20130416:1407,0,1
2129,20130416:1507,0,1
2130,20130416:1607,0,1
2131,20130416:1707,0,1
2132,20130416:1807,0,2
2133,20130416:1907,0,2
2134,20130416:2007,0,0
2135,20130416:2107,0,0
2136,20130416:2207,0,0
2137,20130416:2307,0,0
2138,20130417:0007,0,0
2139,20130417:0107,0,0
2140,20130417:0207,0,0
2141,20130417:0307,0,0
2142,20130417:0407,0,0
2143,20130417:0507,0,0
2144,20130417:0607,0,1
2145,20130417:0707,0,1
2146,20130417:0807,0,1
2147,20130417:0907,0,1
2148,20130417:1007,0,1
2149,20130417:1107,0,1
2150,20130417:1207,0,1
2151,20130417:1307,0,1
2152,20130417:1407,0,1
2153,20130417:1507,0,1
2154,20130417:1607,0,1
2155,20130417:1707,0,1
2156,20130417:1807,0,2
2157,20130417:1907,0,2
2158,20130417:2007,0,0
2159,20130417:2107,0,0
2160,20130417:2207,0,0
2161,20130417:2307,0,0
2162,20130418:0007,0,0
2163,20130418:0107,0,0
2164,20130418:0207,0,0
2165,20130418:0307,0,0
2166,20130418:0407,0,0
2167,20130418:0507,0,0
2168,20130418:0607,0,1
2169,20130418:0707,0,1
2170,20130418:0807,0,1
2171,20130418:0907,0,1
2172,20130418:1007,0,1
2173,20130418:1107,0,1
2174,20130418:1207,0,1
2175,20130418:1307,0,1
2176,20130418:1407,0,1
2177,20130418:1507,0,1
2178,20130418:1607,0,1
2179,20130418:1707,0,1
2180,20130418:1807,0,2
2181,20130418:1907,0,2
2182,20130418:2007,0,0
2183,20130418:2107,0,0
2184,20130418:2207,0,0
2185,20130418:2307,0,0
2186,20130419:0007,0,0
2187,20130419:0107,0,0
2188,20130419:0207,0,0
2189,20130419:0307,0,0
2190,20130419:0407,0,0
2191,20130419:0507,0,0
2192,20130419:0607,0,1
2193,20130419:0707,0,1
2194,20130419:0807,0,1
2195,20130419:0907,0,1
2196,20130419:1007,0,1
2197,20130419:1107,0,1
2198,20130419:1207,0,1
2199,20130419:1307,0,1
2200,20130419:1407,0,1
2201,20130419:1507,0,1
2202,20130419:1607,0,1
2203,20130419:1707,0,1
2204,20130419:1807,0,2
2205,20130419:1907,0,2
2206,20130419:2007,0,0
2207,20130419:2107,0,0
2208,20130419:2207,0,0
2209,20130419:2307,0,0
2210,20130420:0007,0,0
2211,20130420:0107,0,0
2212,20130420:0207,0,0
2213,20130420:0307,0,0
2214,20130420:0407,0,0
2215,20130420:0507,0,0
2216,20130420:0607,0,1
2217,20130420:0707,0,1
2218,20130420:0807,0,1
2219,20130420:0907,0,1
2220,20130420:1007,0,1
2221,20130420:1107,0,1
2222,20130420:1207,0,1
2223,20130420:1307,0,1
2224,20130420:1407,0,1
2225,20130420:1507,0,1
2226,20130420:1607,0,1
2227,20130420:1707,0,1
2228,20130420:1807,0,2
2229,20130420:1907,0,2
2230,20130420:2007,0,0
2231,20130420:2107,0,0
2232,20130420:2207,0,0
2233,20130420:2307,0,0
2234,20130421:0007,0,0
2235,20130421:0107,0,0
2236,20130421:0207,0,0
2237,20130421:0307,0,0
2238,20130421:0407,0,0
2239,20130421:0507,0,0
2240,20130421:0607,0,1
2241,20130421:0707,0,1
2242,20130421:0807,0,3
2243,20130421:0907,0,1
2244,20130421:1007,0,1
2245,20130421:1107,0,1
2246,20130421:1207,0,1
2247,20130421:1307,0,1
2248,20130421:1407,0,1
2249,20130421:1507,0,1
2250,20130421:1607,0,1
2251,20130421:1707,0,1
2252,20130421:1807,0,2
2253,20130421:1907,0,2
2254,20130421:2007,0,0
2255,20130421:2107,0,0
2256,20130421:2207,0,0
2257,20130421:2307,0,0
2258,20130422:0007,0,0
2259,20130422:0107,0,0
2260,20130422:0207,0,0
2261,20130422:0307,0,0
2262,20130422:0407,0,0
2263,20130422:0507,0,0
2264,20130422:0607,0,1
2265,20130422:0707,0,1
2266,20130422:0807,0,1
2267,20130422:0907,0,1
2268,20130422:1007,0,1
2269,20130422:1107,0,1
2270,20130422:1207,0,1
2271,20130422:1307,0,1
2272,20130422:1407,0,1
2273,20130422:1507,0,1
2274,20130422:1607,0,1
2275,20130422:1707,0,1
2276,20130422:1807,0,2
2277,20130422:1907,0,2
2278,20130422:2007,0,0
2279,20130422:2107,0,0
2280,20130422:2207,0,0
2281,20130422:2307,0,0
2282,20130423:0007,0,0
2283,20130423:0107,0,0
2284,20130423:0207,0,0
2285,20130423:0307,0,0
2286,20130423:0407,0,0
2287,20130423:0507,0,0
2288,20130423:0607,0,1
2289,20130423:0707,0,1
2290,20130423:0807,0,1
2291,20130423:0907,0,1
2292,20130423:1007,0,1
2293,20130423:1107,0,1
2294,20130423:1207,0,1
2295,20130423:1307,0,1
2296,20130423:1407,0,1
2297,20130423:1507,0,1
2298,20130423:1607,0,1
2299,20130423:1707,0,1
2300,20130423:1807,0,2
2301,20130423:1907,0,2
2302,20130423:2007,0,0
2303,20130423:2107,0,0
2304,20130423:2207,0,0
2305,20130423:2307,0,0
2306,20130424:0007,0,0
2307,20130424:0107,0,0
2308,20130424:0207,0,0
2309,20130424:0307,0,0
2310,20130424:0407,0,0
2311,20130424:0507,0,0
2312,20130424:0607,0,1
2313,20130424:0707,0,1
2314,20130424:0807,0,1
2315,20130424:0907,0,1
2316,20130424:1007,0,1
2317,20130424:1107,0,1
2318,20130424:1207,0,1
2319,20130424:1307,0,1
2320,20130424:1407,0,1
2321,20130424:1507,0,1
2322,20130424:1607,0,1
2323,20130424:1707,0,1
2324,20130424:1807,0,2
2325,20130424:1907,0,2
2326,20130424:2007,0,0
2327,20130424:2107,0,0
2328,20130424:2207,0,0
2329,20130424:2307,0,0
2330,20130425:0007,0,0
2331,20130425:0107,0,0
2332,20130425:0207,0,0
2333,20130425:0307,0,0
2334,20130425:0407,0,0
2335,20130425:0507,0,0
2336,20130425:0607,0,1
2337,20130425:0707,0,1
2338,20130425:0807,0,1
2339,20130425:0907,0,1
2340,20130425:1007,0,1
2341,20130425:1107,0,1
2342,20130425:1207,0,1
2343,20130425:1307,0,1
2344,20130425:1407,0,1
2345,20130425:1507,0,1
2346,20130425:1607,0,1
2347,20130425:1707,0,1
2348,20130425:1807,0,3
2349,20130425:1907,0,2
2350,20130425:2007,0,0
2351,20130425:2107,0,0
2352,20130425:2207,0,0
2353,20130425:2307,0,0
2354,20130426:0007,0,0
2355,20130426:0107,0,0
2356,20130426:0207,0,0
2357,20130426:0307,0,0
2358,20130426:0407,0,0
2359,20130426:0507,0,0
2360,20130426:0607,0,1
2361,20130426:0707,0,1
2362,20130426:0807,0,1
2363,20130426:0907,0,1
2364,20130426:1007,0,1
2365,20130426:1107,0,1
2366,20130426:1207,0,1
2367,20130426:1307,0,1
2368,20130426:1407,0,3
2369,20130426:1507,0,1
2370,20130426:1607,0,1
2371,20130426:1707,0,1
2372,20130426:1807,0,2
2373,20130426:1907,0,2
2374,20130426:2007,0,0
2375,20130426:2107,0,0
2376,20130426:2207,0,0
2377,20130426:2307,0,0
2378,20130427:0007,0,0
2379,20130427:0107,0,0
2380,20130427:0207,0,0
2381,20130427:0307,0,0
2382,20130427:0407,0,0
2383,20130427:0507,0,0
2384,20130427:0607,0,1
2385,20130427:0707,0,1
2386,20130427:0807,0,1
2387,20130427:0907,0,1
2388,20130427:1007,0,1
2389,20130427:1107,0,1
2390,20130427:1207,0,1
2391,20130427:1307,0,1
2392,20130427:1407,0,1
2393,20130427:1507,0,1
2394,20130427:1607,0,1
2395,20130427:1707,0,1
2396,20130427:1807,0,2
2397,20130427:1907,0,2
2398,20130427:2007,0,0
2399,20130427:2107,0,0
2400,20130427:2207,0,0
2401,20130427:2307,0,0
2402,20130428:0007,0,0
2403,20130428:0107,0,0
2404,20130428:0207,0,0
2405,20130428:0307,0,0
2406,20130428:0407,0,0
2407,20130428:0507,0,0
2408,20130428:0607,0,1
2409,20130428:0707,0,1
2410,20130428:0807,0,1
2411,20130428:0907,0,1
2412,20130428:1007,0,1
2413,20130428:1107,0,1
2414,20130428:1207,0,1
2415,20130428:1307,0,1
2416,20130428:1407,0,1
2417,20130428:1507,0,1
2418,20130428:1607,0,1
2419,20130428:1707,0,1
2420,20130428:1807,0,2
2421,20130428:1907,0,2
2422,20130428:2007,0,0
2423,20130428:2107,0,0
2424,20130428:2207,0,0
2425,20130428:2307,0,0
2426,20130429:0007,0,0
2427,20130429:0107,0,0
2428,20130429:0207,0,0
2429,20130429:0307,0,0
2430,20130429:0407,0,0
2431,20130429:0507,0,0
2432,20130429:0607,0,1
2433,20130429:0707,0,1
2434,20130429:0807,0,1
2435,20130429:0907,0,1
2436,20130429:1007,0,1
2437,20130429:1107,0,1
2438,20130429:1207,0,1
2439,20130429:1307,0,1
2440,20130429:1407,0,1
2441,20130429:1507,0,1
2442,20130429:1607,0,3
2443,20130429:1707,0,1
2444,20130429:1807,0,2
2445,20130429:1907,0,3
2446,20130429:2007,0,0
2447,20130429:2107,0,0
2448,20130429:2207,0,0
2449,20130429:2307,0,0
2450,20130430:0007,0,0
2451,20130430:0107,0,0
2452,20130430:0207,0,0
2453,20130430:0307,0,0
2454,20130430:0407,0,0
2455,20130430:0507,0,0
2456,20130430:0607,0,1
2457,20130430:0707,0,1
2458,20130430:0807,0,1
2459,20130430:0907,0,1
2460,20130430:1007,0,1
2461,20130430:1107,0,1
2462,20130430:1207,0,1
2463,20130430:1307,0,1
2464,20130430:1407,0,1
2465,20130430:1507,0,1
2466,20130430:1607,0,1
2467,20130430:1707,0,1
2468,20130430:1807,0,2
2469,20130430:1907,0,2
2470,20130430:2007,0,0
2471,20130430:2107,0,0
2472,20130430:2207,0,0
2473,20130430:2307,0,0
2474,20130501:0007,0,0
2475,20130501:0107,0,0
2476,20130501:0207,0,0
2477,20130501:0307,0,0
2478,20130501:0407,0,0
2479,20130501:0507,0,0
2480,20130501:0607,0,1
2481,20130501:0707,0,1
2482,20130501:0807,0,1
2483,20130501:0907,0,1
2484,20130501:1007,0,1
2485,20130501:1107,0,1
2486,20130501:1207,0,1
2487,20130501:1307,0,1
2488,20130501:1407,0,1
2489,20130501:1507,0,1
2490,20130501:1607,0,1
2491,20130501:1707,0,1
2492,20130501:1807,0,2
2493,20130501:1907,0,2
2494,20130501:2007,0,0
2495,20130501:2107,0,0
2496,20130501:2207,0,0
2497,20130501:2307,0,0
2498,20130502:0007,0,0
2499,20130502:0107,0,0
2500,20130502:0207,0,0
2501,20130502:0307,0,0
2502,20130502:0407,0,0
2503,20130502:0507,0,0
2504,20130502:0607,0,1
2505,20130502:0707,0,1
2506,20130502:0807,0,1
2507,20130502:0907,0,1
2508,20130502:1007,0,1
2509,20130502:1107,0,1
2510,20130502:1207,0,1
2511,20130502:1307,0,1
2512,20130502:1407,0,1
2513,20130502:1507,0,3
2514,20130502:1607,0,1
2515,20130502:1707,0,1
2516,20130502:1807,0,2
2517,20130502:1907,0,2
2518,20130502:2007,0,0
2519,20130502:2107,0,0
2520,20130502:2207,0,0
2521,20130502:2307,0,0
2522,20130503:0007,0,0
2523,20130503:0107,0,0
2524,20130503:0207,0,0
2525,20130503:0307,0,0
2526,20130503:0407,0,0
2527,20130503:0507,0,0
2528,20130503:0607,0,1
2529,20130503:0707,0,1
2530,20130503:0807,0,1
2531,20130503:0907,0,1
2532,20130503:1007,0,1
2533,20130503:1107,0,1
2534,20130503:1207,0,1
2535,20130503:1307,0,1
2536,20130503:1407,0,1
2537,20130503:1507,0,1
2538,20130503:1607,0,1
2539,20130503:1707,0,1
2540,20130503:1807,0,2
2541,20130503:1907,0,2
2542,20130503:2007,0,0
2543,20130503:2107,0,0
2544,20130503:2207,0,0
2545,20130503:2307,0,0
2546,20130504:0007,0,0
2547,20130504:0107,0,0
2548,20130504:0207,0,0
2549,20130504:0307,0,0
2550,20130504:0407,0,0
2551,20130504:0507,0,0
2552,20130504:0607,0,1
2553,20130504:0707,0,1
2554,20130504:0807,0,1
2555,20130504:0907,0,1
2556,20130504:1007,0,1
2557,20130504:1107,0,1
2558,20130504:1207,0,1
2559,20130504:1307,0,1
2560,20130504:1407,0,1
2561,20130504:1507,0,1
2562,20130504:1607,0,1
2563,20130504:1707,0,1
2564,20130504:1807,0,2
2565,20130504:1907,0,3
2566,20130504:2007,0,0
2567,20130504:2107,0,0
2568,20130504:2207,0,0
2569,20130504:2307,0,0
2570,20130505:0007,0,0
2571,20130505:0107,0,0
2572,20130505:0207,0,0
2573,20130505:0307,0,0
2574,20130505:0407,0,0
2575,20130505:0507,0,0
2576,20130505:0607,0,1
2577,20130505:0707,0,1
2578,20130505:0807,0,1
2579,20130505:0907,0,1
2580,20130505:1007,0,1
2581,20130505:1107,0,1
2582,20130505:1207,0,1
2583,20130505:1307,0,1
2584,20130505:1407,0,1
2585,20130505:1507,0,1
2586,20130505:1607,0,1
2587,20130505:1707,0,1
2588,20130505:1807,0,2
2589,20130505:1907,0,2
2590,20130505:2007,0,0
2591,20130505:2107,0,0
2592,20130505:2207,0,0
2593,20130505:2307,0,0
2594,20130506:0007,0,0
2595,20130506:0107,0,0
2596,20130506:0207,0,0
2597,20130506:0307,0,0
2598,20130506:0407,0,0
2599,20130506:0507,0,0
2600,20130506:0607,0,1
2601,20130506:0707,0,1
2602,20130506:0807,0,1
2603,20130506:0907,0,1
2604,20130506:1007,0,1
2605,20130506:1107,0,1
2606,20130506:1207,0,1
2607,20130506:1307,0,1
2608,20130506:1407,0,1
2609,20130506:1507,0,1
2610,20130506:1607,0,1
2611,20130506:1707,0,1
2612,20130506:1807,0,2
2613,20130506:1907,0,2
2614,20130506:2007,0,0
2615,20130506:2107,0,0
2616,20130506:2207,0,0
2617,20130506:2307,0,0
2618,20130507:0007,0,0
2619,20130507:0107,0,0
2620,20130507:0207,0,0
2621,20130507:0307,0,0
2622,20130507:0407,0,0
2623,20130507:0507,0,0
2624,20130507:0607,0,1
2625,20130507:0707,0,1
2626,20130507:0807,0,1
2627,20130507:0907,0,1
2628,20130507:1007,0,1
2629,20130507:1107,0,1
2630,20130507:1207,0,1
2631,20130507:1307,0,1
2632,20130507:1407,0,1
2633,20130507:1507,0,1
2634,20130507:1607,0,1
2635,20130507:1707,0,1
2636,20130507:1807,0,2
2637,20130507:1907,0,2
2638,20130507:2007,0,0
2639,20130507:2107,0,0
2640,20130507:2207,0,0
2641,20130507:2307,0,0
2642,20130508:0007,0,0
2643,20130508:0107,0,0
2644,20130508:0207,0,0
2645,20130508:0307,0,0
2646,20130508:0407,0,0
2647,20130508:0507,0,0
2648,20130508:0607,0,1
2649,20130508:0707,0,1
2650,20130508:0807,0,1
2651,20130508:0907,0,1
2652,20130508:1007,0,1
2653,20130508:1107,0,1
2654,20130508:1207,0,1
2655,20130508:1307,0,1
2656,20130508:1407,0,1
2657,20130508:1507,0,1
2658,20130508:1607,0,1
2659,20130508:1707,0,1
2660,20130508:1807,0,2
2661,20130508:1907,0,2
2662,20130508:2007,0,0
2663,20130508:2107,0,0
2664,20130508:2207,0,0
2665,20130508:2307,0,0
2666,20130509:0007,0,0
2667,20130509:0107,0,0
2668,20130509:0207,0,0
2669,20130509:0307,0,0
2670,20130509:0407,0,0
2671,20130509:0507,0,0
2672,20130509:0607,0,1
2673,20130509:0707,0,1
2674,20130509:0807,0,1
2675,20130509:0907,0,1
2676,20130509:1007,0,1
2677,20130509:1107,0,1
2678,20130509:1207,0,1
2679,20130509:1307,0,1
2680,20130509:1407,0,1
2681,20130509:1507,0,1
2682,20130509:1607,0,1
2683,20130509:1707,0,1
2684,20130509:1807,0,2
2685,20130509:1907,0,2
2686,20130509:2007,0,0
2687,20130509:2107,0,0
2688,20130509:2207,0,0
2689,20130509:2307,0,0
2690,20130510:0007,0,0
2691,20130510:0107,0,0
2692,20130510:0207,0,0
2693,20130510:0307,0,0
2694,20130510:0407,0,0
2695,20130510:0507,0,0
2696,20130510:0607,0,1
2697,20130510:0707,0,1
2698,20130510:0807,0,1
2699,20130510:0907,0,1
2700,20130510:1007,0,1
2701,20130510:1107,0,1
2702,20130510:1207,0,1
2703,20130510:1307,0,1
2704,20130510:1407,0,1
2705,20130510:1507,0,1
2706,20130510:1607,0,1
2707,20130510:1707,0,1
2708,20130510:1807,0,2
2709,20130510:1907,0,2
2710,20130510:2007,0,0
2711,20130510:2107,0,0
2712,20130510:2207,0,0
2713,20130510:2307,0,0
2714,20130511:0007,0,0
2715,20130511:0107,0,0
2716,20130511:0207,0,0
2717,20130511:0307,0,0
2718,20130511:0407,0,0
2719,20130511:0507,0,0
2720,20130511:0607,0,1
2721,20130511:0707,0,3
2722,20130511:0807,0,1
2723,20130511:0907,0,1
2724,20130511:1007,0,1
2725,20130511:1107,0,1
2726,20130511:1207,0,1
2727,20130511:1307,0,1
2728,20130511:1407,0,1
2729,20130511:1507,0,1
2730,20130511:1607,0,1
2731,20130511:1707,0,1
2732,20130511:1807,0,2
2733,20130511:1907,0,2
2734,20130511:2007,0,0
2735,20130511:2107,0,0
2736,20130511:2207,0,0
2737,20130511:2307,0,0
2738,20130512:0007,0,0
2739,20130512:0107,0,0
2740,20130512:0207,0,0
2741,20130512:0307,0,0
2742,20130512:0407,0,0
2743,20130512:0507,0,0
2744,20130512:0607,0,1
2745,20130512:0707,0,1
2746,20130512:0807,0,1
2747,20130512:0907,0,1
2748,20130512:1007,0,1
2749,20130512:1107,0,1
2750,20130512:1207,0,1
2751,20130512:1307,0,1
2752,20130512:1407,0,1
2753,20130512:1507,0,1
2754,20130512:1607,0,1
2755,20130512:1707,0,1
2756,20130512:1807,0,2
2757,20130512:1907,0,2
2758,20130512:2007,0,0
2759,20130512:2107,0,0
2760,20130512:2207,0,0
2761,20130512:2307,0,0
2762,20130513:0007,0,0
2763,20130513:0107,0,0
2764,20130513:0207,0,0
2765,20130513:0307,0,0
2766,20130513:0407,0,0
2767,20130513:0507,0,0
2768,20130513:0607,0,1
2769,20130513:0707,0,1
2770,20130513:0807,0,1
2771,20130513:0907,0,1
2772,20130513:1007,0,1
2773,20130513:1107,0,1
2774,20130513:1207,0,1
2775,20130513:1307,0,1
2776,20130513:1407,0,1
2777,20130513:1507,0,1
2778,20130513:1607,0,1
2779,20130513:1707,0,1
2780,20130513:1807,0,2
2781,20130513:1907,0,2
2782,20130513:2007,0,0
2783,20130513:2107,0,0
2784,20130513:2207,0,0
2785,20130513:2307,0,0
2786,20130514:0007,0,0
2787,20130514:0107,0,0
2788,20130514:0207,0,0
2789,20130514:0307,0,0
2790,20130514:0407,0,0
2791,20130514:0507,0,0
2792,20130514:0607,0,1
2793,20130514:0707,0,1
2794,20130514:0807,0,1
2795,20130514:0907,0,1
2796,20130514:1007,0,1
2797,20130514:1107,0,1
2798,20130514:1207,0,1
2799,20130514:1307,0,1
2800,20130514:1407,0,1
2801,20130514:1507,0,1
2802,20130514:1607,0,1
2803,20130514:1707,0,1
2804,20130514:1807,0,2
2805,20130514:1907,0,2
2806,20130514:2007,0,0
2807,20130514:2107,0,0
2808,20130514:2207,0,0
2809,20130514:2307,0,0
2810,20130515:0007,0,0
2811,20130515:0107,0,0
2812,20130515:0207,0,0
2813,20130515:0307,0,0
2814,20130515:0407,0,0
2815,20130515:0507,0,0
2816,20130515:0607,0,1
2817,20130515:0707,0,1
2818,20130515:0807,0,1
2819,20130515:0907,0,1
2820,20130515:1007,0,1
2821,20130515:1107,0,1
2822,20130515:1207,0,1
2823,20130515:1307,0,1
2824,20130515:1407,0,1
2825,20130515:1507,0,1
2826,20130515:1607,0,1
2827,20130515:1707,0,1
2828,20130515:1807,0,2
2829,20130515:1907,0,2
2830,20130515:2007,0,0
2831,20130515:2107,0,0
2832,20130515:2207,0,0
2833,20130515:2307,0,0
2834,20130516:0007,0,0
2835,20130516:0107,0,0
2836,20130516:0207,0,0
2837,20130516:0307,0,0
2838,20130516:0407,0,0
2839,20130516:0507,0,0
2840,20130516:0607,0,1
2841,20130516:0707,0,1
2842,20130516:0807,0,1
2843,20130516:0907,0,1
2844,20130516:1007,0,1
2845,20130516:1107,0,1
2846,20130516:1207,0,1
2847,20130516:1307,0,1
2848,20130516:1407,0,1
2849,20130516:1507,0,1
2850,20130516:1607,0,1
2851,20130516:1707,0,1
2852,20130516:1807,0,2
2853,20130516:1907,0,2
2854,20130516:2007,0,0
2855,20130516:2107,0,0
2856,20130516:2207,0,0
2857,20130516:2307,0,0
2858,20130517:0007,0,0
2859,20130517:0107,0,0
2860,20130517:0207,0,0
2861,20130517:0307,0,0
2862,20130517:0407,0,0
2863,20130517:0507,0,0
2864,20130517:0607,0,1
2865,20130517:0707,0,1
2866,20130517:0807,0,1
2867,20130517:0907,0,1
2868,20130517:1007,0,1
2869,20130517:1107,0,1
2870,20130517:1207,0,1
2871,20130517:1307,0,1
2872,20130517:1407,0,1
2873,20130517:1507,0,1
2874,20130517:1607,0,1
2875,20130517:1707,0,1
2876,20130517:1807,0,2
2877,20130517:1907,0,2
2878,20130517:2007,0,0
2879,20130517:2107,0,0
2880,20130517:2207,0,0
2881,20130517:2307,0,0
2882,20130518:0007,0,0
2883,20130518:0107,0,0
2884,20130518:0207,0,0
2885,20130518:0307,0,0
2886,20130518:0407,0,0
2887,20130518:0507,0,0
2888,20130518:0607,0,1
2889,20130518:0707,0,1
2890,20130518:0807,0,1
2891,20130518:0907,0,1
2892,20130518:1007,0,1
2893,20130518:1107,0,1
2894,20130518:1207,0,1
2895,20130518:1307,0,1
2896,20130518:1407,0,1
2897,20130518:1507,0,1
2898,20130518:1607,0,1
2899,20130518:1707,0,1
2900,20130518:1807,0,2
2901,20130518:1907,0,2
2902,20130518:2007,0,0
2903,20130518:2107,0,0
2904,20130518:2207,0,0
2905,20130518:2307,0,0
2906,20130519:0007,0,0
2907,20130519:0107,0,0
2908,20130519:0207,0,0
2909,20130519:0307,0,0
2910,20130519:0407,0,0
2911,20130519:0507,0,0
2912,20130519:0607,0,1
2913,20130519:0707,0,1
2914,20130519:0807,0,1
2915,20130519:0907,0,1
2916,20130519:1007,0,1
2917,20130519:1107,0,1
2918,20130519:1207,0,1
2919,20130519:1307,0,1
2920,20130519:1407,0,1
2921,20130519:1507,0,1
2922,20130519:1607,0,1
2923,20130519:1707,0,1
2924,20130519:1807,0,2
2925,20130519:1907,0,2
2926,20130519:2007,0,0
2927,20130519:2107,0,0
2928,20130519:2207,0,0
2929,20130519:2307,0,0
2930,20130520:0007,0,0
2931,20130520:0107,0,0
2932,20130520:0207,0,0
2933,20130520:0307,0,0
2934,20130520:0407,0,0
2935,20130520:0507,0,0
2936,20130520:0607,0,1
2937,20130520:0707,0,1
2938,20130520:0807,0,1
2939,20130520:0907,0,1
2940,20130520:1007,0,1
2941,20130520:1107,0,1
2942,20130520:1207,0,1
2943,20130520:1307,0,1
2944,20130520:1407,0,1
2945,20130520:1507,0,1
2946,20130520:1607,0,1
2947,20130520:1707,0,1
2948,20130520:1807,0,2
2949,20130520:1907,0,2
2950,20130520:2007,0,0
2951,20130520:2107,0,0
2952,20130520:2207,0,0
2953,20130520:2307,0,0
2954,20130521:0007,0,0
2955,20130521:0107,0,0
2956,20130521:0207,0,0
2957,20130521:0307,0,0
2958,20130521:0407,0,0
2959,20130521:0507,0,0
2960,20130521:0607,0,1
2961,20130521:0707,0,1
2962,20130521:0807,0,1
2963,20130521:0907,0,1
2964,20130521:1007,0,1
2965,20130521:1107,0,1
2966,20130521:1207,0,1
2967,20130521:1307,0,1
2968,20130521:1407,0,1
2969,20130521:1507,0,1
2970,20130521:1607,0,3
2971,20130521:1707,0,1
2972,20130521:1807,0,2
2973,20130521:1907,0,2
2974,20130521:2007,0,0
2975,20130521:2107,0,0
2976,20130521:2207,0,0
2977,20130521:2307,0,0
2978,20130522:0007,0,0
2979,20130522:0107,0,0
2980,20130522:0207,0,0
2981,20130522:0307,0,0
2982,20130522:0407,0,0
2983,20130522:0507,0,0
2984,20130522:0607,0,1
2985,20130522:0707,0,1
2986,20130522:0807,0,1
2987,20130522:0907,0,1
2988,20130522:1007,0,1
2989,20130522:1107,0,1
2990,20130522:1207,0,1
2991,20130522:1307,0,1
2992,20130522:1407,0,1
2993,20130522:1507,0,1
2994,20130522:1607,0,1
2995,20130522:1707,0,1
2996,20130522:1807,0,2
2997,20130522:1907,0,2
2998,20130522:2007,0,0
2999,20130522:2107,0,0
3000,20130522:2207,0,0
3001,20130522:2307,0,0
3002,20130523:0007,0,0
3003,20130523:0107,0,0
3004,20130523:0207,0,0
3005,20130523:0307,0,0
3006,20130523:0407,0,0
3007,20130523:0507,0,0
3008,20130523:0607,0,1
3009,20130523:0707,0,1
3010,20130523:0807,0,1
3011,20130523:0907,0,1
3012,20130523:1007,0,1
3013,20130523:1107,0,1
3014,20130523:1207,0,1
3015,20130523:1307,0,1
3016,20130523:1407,0,1
3017,20130523:1507,0,1
3018,20130523:1607,0,1
3019,20130523:1707,0,1
3020,20130523:1807,0,2
3021,20130523:1907,0,2
3022,20130523:2007,0,0
3023,20130523:2107,0,0
3024,20130523:2207,0,0
3025,20130523:2307,0,0
3026,20130524:0007,0,0
3027,20130524:0107,0,0
3028,20130524:0207,0,0
3029,20130524:0307,0,0
3030,20130524:0407,0,0
3031,20130524:0507,0,0
3032,20130524:0607,0,1
3033,20130524:0707,0,1
3034,20130524:0807,0,1
3035,20130524:0907,0,1
3036,20130524:1007,0,1
3037,20130524:1107,0,1
3038,20130524:1207,0,1
3039,20130524:1307,0,1
3040,20130524:1407,0,1
3041,20130524:1507,0,1
3042,20130524:1607,0,1
3043,20130524:1707,0,1
3044,20130524:1807,0,2
3045,20130524:1907,0,2
3046,20130524:2007,0,0
3047,20130524:2107,0,0
3048,20130524:2207,0,0
3049,20130524:2307,0,0
3050,20130525:0007,0,0
3051,20130525:0107,0,0
3052,20130525:0207,0,0
3053,20130525:0307,0,0
3054,20130525:0407,0,0
3055,20130525:0507,0,0
3056,20130525:0607,0,1
3057,20130525:0707,0,1
3058,20130525:0807,0,1
3059,20130525:0907,0,1
3060,20130525:1007,0,1
3061,20130525:1107,0,1
3062,20130525:1207,0,1
3063,20130525:1307,0,1
3064,20130525:1407,0,1
3065,20130525:1507,0,1
3066,20130525:1607,0,1
3067,20130525:1707,0,1
3068,20130525:1807,0,2
3069,20130525:1907,0,2
3070,20130525:2007,0,0
3071,20130525:2107,0,0
3072,20130525:2207,0,0
3073,20130525:2307,0,0
3074,20130526:0007,0,0
3075,20130526:0107,0,0
3076,20130526:0207,0,0
3077,20130526:0307,0,0
3078,20130526:0407,0,0
3079,20130526:0507,0,0
3080,20130526:0607,0,1
3081,20130526:0707,0,1
3082,20130526:0807,0,1
3083,20130526:0907,0,1
3084,20130526:1007,0,1
3085,20130526:1107,0,1
3086,20130526:1207,0,1
3087,20130526:1307,0,1
3088,20130526:1407,0,1
3089,20130526:1507,0,1
3090,20130526:1607,0,1
3091,20130526:1707,0,1
3092,20130526:1807,0,2
3093,20130526:1907,0,2
3094,20130526:2007,0,0
3095,20130526:2107,0,0
3096,20130526:2207,0,0
3097,20130526:2307,0,0
3098,20130527:0007,0,0
3099,20130527:0107,0,0
3100,20130527:0207,0,0
3101,20130527:0307,0,0
3102,20130527:0407,0,0
3103,20130527:0507,0,0
3104,20130527:0607,0,1
3105,20130527:0707,0,1
3106,20130527:0807,0,1
3107,20130527:0907,0,1
3108,20130527:1007,0,1
3109,20130527:1107,0,1
3110,20130527:1207,0,1
3111,20130527:1307,0,1
3112,20130527:1407,0,1
3113,20130527:1507,0,1
3114,20130527:1607,0,1
3115,20130527:1707,0,1
3116,20130527:1807,0,2
3117,20130527:1907,0,2
3118,20130527:2007,0,0
3119,20130527:2107,0,0
3120,20130527:2207,0,0
3121,20130527:2307,0,0
3122,20130528:0007,0,0
3123,20130528:0107,0,0
3124,20130528:0207,0,0
3125,20130528:0307,0,0
3126,20130528:0407,0,0
3127,20130528:0507,0,0
3128,20130528:0607,0,1
3129,20130528:0707,0,1
3130,20130528:0807,0,1
3131,20130528:0907,0,1
3132,20130528:1007,0,1
3133,20130528:1107,0,1
3134,20130528:1207,0,1
3135,20130528:1307,0,1
3136,20130528:1407,0,1
3137,20130528:1507,0,1
3138,20130528:1607,0,1
3139,20130528:1707,0,1
3140,20130528:1807,0,2
3141,20130528:1907,0,2
3142,20130528:2007,0,0
3143,20130528:2107,0,0
3144,20130528:2207,0,0
3145,20130528:2307,0,0
3146,20130529:0007,0,0
3147,20130529:0107,0,0
3148,20130529:0207,0,0
3149,20130529:0307,0,0
3150,20130529:0407,0,0
3151,20130529:0507,0,0
3152,20130529:0607,0,1
3153,20130529:0707,0,1
3154,20130529:0807,0,1
3155,20130529:0907,0,1
3156,20130529:1007,0,1
3157,20130529:1107,0,1
3158,20130529:1207,0,1
3159,20130529:1307,0,1
3160,20130529:1407,0,1
3161,20130529:1507,0,1
3162,20130529:1607,0,1
3163,20130529:1707,0,1
3164,20130529:1807,0,2
3165,20130529:1907,0,2
3166,20130529:2007,0,0
3167,20130529:2107,0,0
3168,20130529:2207,0,0
3169,20130529:2307,0,0
3170,20130530:0007,0,0
3171,20130530:0107,0,0
3172,20130530:0207,0,0
3173,20130530:0307,0,0
3174,20130530:0407,0,0
3175,20130530:0507,0,0
3176,20130530:0607,0,1
3177,20130530:0707,0,1
3178,20130530:0807,0,1
3179,20130530:0907,0,1
3180,20130530:1007,0,1
3181,20130530:1107,0,1
3182,20130530:1207,0,1
3183,20130530:1307,0,1
3184,20130530:1407,0,1
3185,20130530:1507,0,1
3186,20130530:1607,0,1
3187,20130530:1707,0,1
3188,20130530:1807,0,2
3189,20130530:1907,0,2
3190,20130530:2007,0,0
3191,20130530:2107,0,0
3192,20130530:2207,0,0
3193,20130530:2307,0,0
3194,20130531:0007,0,0
3195,20130531:0107,0,0
3196,20130531:0207,0,0
3197,20130531:0307,0,0
3198,20130531:0407,0,0
3199,20130531:0507,0,0
3200,20130531:0607,0,1
3201,20130531:0707,0,1
3202,20130531:0807,0,1
3203,20130531:0907,0,1
3204,20130531:1007,0,1
3205,20130531:1107,0,1
3206,20130531:1207,0,1
3207,20130531:1307,0,1
3208,20130531:1407,0,1
3209,20130531:1507,0,1
3210,20130531:1607,0,1
3211,20130531:1707,0,1
3212,20130531:1807,0,2
3213,20130531:1907,0,2
3214,20130531:2007,0,0
3215,20130531:2107,0,0
3216,20130531:2207,0,0
3217,20130531:2307,0,0
3218,20130601:0007,0,0
3219,20130601:0107,0,0
3220,20130601:0207,0,0
3221,20130601:0307,0,0
3222,20130601:0407,0,0
3223,20130601:0507,0,0
3224,20130601:0607,0,1
3225,20130601:0707,0,1
3226,20130601:0807,0,1
3227,20130601:0907,0,1
3228,20130601:1007,0,1
3229,20130601:1107,0,1
3230,20130601:1207,0,1
3231,20130601:1307,0,1
3232,20130601:1407,0,1
3233,20130601:1507,0,1
3234,20130601:1607,0,1
3235,20130601:1707,0,1
3236,20130601:1807,0,2
3237,20130601:1907,0,2
3238,20130601:2007,0,0
3239,20130601:2107,0,0
3240,20130601:2207,0,0
3241,20130601:2307,0,0
3242,20130602:0007,0,0
3243,20130602:0107,0,0
3244,20130602:0207,0,0
3245,20130602:0307,0,0
3246,20130602:0407,0,0
3247,20130602:0507,0,0
3248,20130602:0607,0,1
3249,20130602:0707,0,1
3250,20130602:0807,0,1
3251,20130602:0907,0,1
3252,20130602:1007,0,1
3253,20130602:1107,0,1
3254,20130602:1207,0,1
3255,20130602:1307,0,1
3256,20130602:1407,0,1
3257,20130602:1507,0,1
3258,20130602:1607,0,1
3259,20130602:1707,0,1
3260,20130602:1807,0,2
3261,20130602:1907,0,2
3262,20130602:2007,0,0
3263,20130602:2107,0,0
3264,20130602:2207,0,0
3265,20130602:2307,0,0
3266,20130603:0007,0,0
3267,20130603:0107,0,0
3268,20130603:0207,0,0
3269,20130603:0307,0,0
3270,20130603:0407,0,0
3271,20130603:0507,0,0
3272,20130603:0607,0,1
3273,20130603:0707,0,1
3274,20130603:0807,0,1
3275,20130603:0907,0,1
3276,20130603:1007,0,1
3277,20130603:1107,0,1
3278,20130603:1207,0,1
3279,20130603:1307,0,1
3280,20130603:1407,0,1
3281,20130603:1507,0,1
3282,20130603:1607,0,1
3283,20130603:1707,0,1
3284,20130603:1807,0,2
3285,20130603:1907,0,2
3286,20130603:2007,0,0
3287,20130603:2107,0,0
3288,20130603:2207,0,0
3289,20130603:2307,0,0
3290,20130604:0007,0,0
3291,20130604:0107,0,0
3292,20130604:0207,0,0
3293,20130604:0307,0,0
3294,20130604:0407,0,0
3295,20130604:0507,0,0
3296,20130604:0607,0,1
3297,20130604:0707,0,1
3298,20130604:0807,0,1
3299,20130604:0907,0,1
3300,20130604:1007,0,1
3301,20130604:1107,0,1
3302,20130604:1207,0,1
3303,20130604:1307,0,1
3304,20130604:1407,0,1
3305,20130604:1507,0,1
3306,20130604:1607,0,1
3307,20130604:1707,0,1
3308,20130604:1807,0,2
3309,20130604:1907,0,2
3310,20130604:2007,0,0
3311,20130604:2107,0,0
3312,20130604:2207,0,0
3313,20130604:2307,0,0
3314,20130605:0007,0,0
3315,20130605:0107,0,0
3316,20130605:0207,0,0
3317,20130605:0307,0,0
3318,20130605:0407,0,0
3319,20130605:0507,0,0
3320,20130605:0607,0,1
3321,20130605:0707,0,1
3322,20130605:0807,0,1
3323,20130605:0907,0,1
3324,20130605:1007,0,1
3325,20130605:1107,0,1
3326,20130605:1207,0,1
3327,20130605:1307,0,1
3328,20130605:1407,0,1
3329,20130605:1507,0,1
3330,20130605:1607,0,1
3331,20130605:1707,0,1
3332,20130605:1807,0,2
3333,20130605:1907,0,2
3334,20130605:2007,0,0
3335,20130605:2107,0,0
3336,20130605:2207,0,0
3337,20130605:2307,0,0
3338,20130606:0007,0,0
3339,20130606:0107,0,0
3340,20130606:0207,0,0
3341,20130606:0307,0,0
3342,20130606:0407,0,0
3343,20130606:0507,0,0
3344,20130606:0607,0,1
3345,20130606:0707,0,1
3346,20130606:0807,0,1
3347,20130606:0907,0,1
3348,20130606:1007,0,1
3349,20130606:1107,0,1
3350,20130606:1207,0,1
3351,20130606:1307,0,1
3352,20130606:1407,0,1
3353,20130606:1507,0,1
3354,20130606:1607,0,1
3355,20130606:1707,0,1
3356,20130606:1807,0,2
3357,20130606:1907,0,2
3358,20130606:2007,0,0
3359,20130606:2107,0,0
3360,20130606:2207,0,0
3361,20130606:2307,0,0
3362,20130607:0007,0,0
3363,20130607:0107,0,0
3364,20130607:0207,0,0
3365,20130607:0307,0,0
3366,20130607:0407,0,0
3367,20130607:0507,0,0
3368,20130607:0607,0,1
3369,20130607:0707,0,1
3370,20130607:0807,0,1
3371,20130607:0907,0,1
3372,20130607:1007,0,1
3373,20130607:1107,0,1
3374,20130607:1207,0,1
3375,20130607:1307,0,1
3376,20130607:1407,0,1
3377,20130607:1507,0,1
3378,20130607:1607,0,1
3379,20130607:1707,0,1
3380,20130607:1807,0,2
3381,20130607:1907,0,2
3382,20130607:2007,0,0
3383,20130607:2107,0,0
3384,20130607:2207,0,0
3385,20130607:2307,0,0
3386,20130608:0007,0,0
3387,20130608:0107,0,0
3388,20130608:0207,0,0
3389,20130608:0307,0,0
3390,20130608:0407,0,0
3391,20130608:0507,0,0
3392,20130608:0607,0,1
3393,20130608:0707,0,1
3394,20130608:0807,0,1
3395,20130608:0907,0,1
3396,20130608:1007,0,1
3397,20130608:1107,0,1
3398,20130608:1207,0,1
3399,20130608:1307,0,1
3400,20130608:1407,0,1
3401,20130608:1507,0,1
3402,20130608:1607,0,1
3403,20130608:1707,0,1
3404,20130608:1807,0,2
3405,20130608:1907,0,2
3406,20130608:2007,0,0
3407,20130608:2107,0,0
3408,20130608:2207,0,0
3409,20130608:2307,0,0
3410,20130609:0007,0,0
3411,20130609:0107,0,0
3412,20130609:0207,0,0
3413,20130609:0307,0,0
3414,20130609:0407,0,0
3415,20130609:0507,0,0
3416,20130609:0607,0,1
3417,20130609:0707,0,1
3418,20130609:0807,0,1
3419,20130609:0907,0,1
3420,20130609:1007,0,1
3421,20130609:1107,0,1
3422,20130609:1207,0,1
3423,20130609:1307,0,1
3424,20130609:1407,0,1
3425,20130609:1507,0,1
3426,20130609:1607,0,1
3427,20130609:1707,0,1
3428,20130609:1807,0,2
3429,20130609:1907,0,2
3430,20130609:2007,0,0
3431,20130609:2107,0,0
3432,20130609:2207,0,0
3433,20130609:2307,0,0
3434,20130610:0007,0,0
3435,20130610:0107,0,0
3436,20130610:0207,0,0
3437,20130610:0307,0,0
3438,20130610:0407,0,0
3439,20130610:0507,0,0
3440,20130610:0607,0,1
3441,20130610:0707,0,1
3442,20130610:0807,0,1
3443,20130610:0907,0,1
3444,20130610:1007,0,1
3445,20130610:1107,0,1
3446,20130610:1207,0,1
3447,20130610:1307,0,1
3448,20130610:1407,0,1
3449,20130610:1507,0,1
3450,20130610:1607,0,1
3451,20130610:1707,0,1
3452,20130610:1807,0,2
3453,20130610:1907,0,2
3454,20130610:2007,0,0
3455,20130610:2107,0,0
3456,20130610:2207,0,0
3457,20130610:2307,0,0
3458,20130611:0007,0,0
3459,20130611:0107,0,0
3460,20130611:0207,0,0
3461,20130611:0307,0,0
3462,20130611:0407,0,0
3463,20130611:0507,0,0
3464,20130611:0607,0,1
3465,20130611:0707,0,1
3466,20130611:0807,0,1
3467,20130611:0907,0,1
3468,20130611:1007,0,1
3469,20130611:1107,0,1
3470,20130611:1207,0,1
3471,20130611:1307,0,1
3472,20130611:1407,0,1
3473,20130611:1507,0,1
3474,20130611:1607,0,1
3475,20130611:1707,0,1
3476,20130611:1807,0,2
3477,20130611:1907,0,2
3478,20130611:2007,0,0
3479,20130611:2107,0,0
3480,20130611:2207,0,0
3481,20130611:2307,0,0
3482,20130612:0007,0,0
3483,20130612:0107,0,0
3484,20130612:0207,0,0
3485,20130612:0307,0,0
3486,20130612:0407,0,0
3487,20130612:0507,0,0
3488,20130612:0607,0,1
3489,20130612:0707,0,1
3490,20130612:0807,0,1
3491,20130612:0907,0,1
3492,20130612:1007,0,1
3493,20130612:1107,0,1
3494,20130612:1207,0,1
3495,20130612:1307,0,1
3496,20130612:1407,0,1
3497,20130612:1507,0,1
3498,20130612:1607,0,1
3499,20130612:1707,0,1
3500,20130612:1807,0,2
3501,20130612:1907,0,2
3502,20130612:2007,0,0
3503,20130612:2107,0,0
3504,20130612:2207,0,0
3505,20130612:2307,0,0
3506,20130613:0007,0,0
3507,20130613:0107,0,0
3508,20130613:0207,0,0
3509,20130613:0307,0,0
3510,20130613:0407,0,0
3511,20130613:0507,0,0
3512,20130613:0607,0,1
3513,20130613:0707,0,1
3514,20130613:0807,0,1
3515,20130613:0907,0,1
3516,20130613:1007,0,1
3517,20130613:1107,0,1
3518,20130613:1207,0,1
3519,20130613:1307,0,1
3520,20130613:1407,0,1
3521,20130613:1507,0,1
3522,20130613:1607,0,1
3523,20130613:1707,0,1
3524,20130613:1807,0,2
3525,20130613:1907,0,2
3526,20130613:2007,0,0
3527,20130613:2107,0,0
3528,20130613:2207,0,0
3529,20130613:2307,0,0
3530,20130614:0007,0,0
3531,20130614:0107,0,0
3532,20130614:0207,0,0
3533,20130614:0307,0,0
3534,20130614:0407,0,0
3535,20130614:0507,0,0
3536,20130614:0607,0,1
3537,20130614:0707,0,1
3538,20130614:0807,0,1
3539,20130614:0907,0,1
3540,20130614:1007,0,1
3541,20130614:1107,0,1
3542,20130614:1207,0,1
3543,20130614:1307,0,1
3544,20130614:1407,0,1
3545,20130614:1507,0,1
